task_id,robot_id,release_time,assigned_at,pickup_arrival_time,service_start_time,completion_time,waiting_time,turnaround_time,execution_model,travel_to_pickup_time,travel_to_pickup_distance,travel_to_pickup_ideal_time,travel_to_pickup_wait_time,travel_to_pickup_blocked_events,travel_to_pickup_path_nodes,travel_to_pickup_path_arcs,travel_to_dropoff_time,travel_to_dropoff_distance,travel_to_dropoff_ideal_time,travel_to_dropoff_wait_time,travel_to_dropoff_blocked_events,travel_to_dropoff_path_nodes,travel_to_dropoff_path_arcs,congestion_delay_time,blocked_traversal_events
task_1,robot_2,153.9491417075345,153.9491417075345,155.9491417075345,155.9491417075345,210.9491417075345,0.0,57.0,idealized,2.0,2.0,2.0,0.0,0,"('r2_c0', 'r1_c0', 'r0_c0')","('r2_c0->r1_c0', 'r1_c0->r0_c0')",5.0,5.0,5.0,0.0,0,"('r0_c0', 'r0_c1', 'r0_c2', 'r0_c3', 'r1_c3', 'r2_c3')","('r0_c0->r0_c1', 'r0_c1->r0_c2', 'r0_c2->r0_c3', 'r0_c3->r1_c3', 'r1_c3->r2_c3')",0.0,0
task_2,robot_1,298.32553454451204,298.32553454451204,300.32553454451204,300.32553454451204,355.32553454451204,0.0,57.0,idealized,2.0,2.0,2.0,0.0,0,"('r2_c0', 'r1_c0', 'r0_c0')","('r2_c0->r1_c0', 'r1_c0->r0_c0')",5.0,5.0,5.0,0.0,0,"('r0_c0', 'r0_c1', 'r0_c2', 'r0_c3', 'r1_c3', 'r2_c3')","('r0_c0->r0_c1', 'r0_c1->r0_c2', 'r0_c2->r0_c3', 'r0_c3->r1_c3', 'r1_c3->r2_c3')",0.0,0
task_3,robot_2,312.26966792888413,312.26966792888413,317.26966792888413,317.26966792888413,372.26966792888413,0.0,60.0,idealized,5.0,5.0,5.0,0.0,0,"('r2_c3', 'r2_c2', 'r2_c1', 'r2_c0', 'r1_c0', 'r0_c0')","('r2_c3->r2_c2', 'r2_c2->r2_c1', 'r2_c1->r2_c0', 'r2_c0->r1_c0', 'r1_c0->r0_c0')",5.0,5.0,5.0,0.0,0,"('r0_c0', 'r0_c1', 'r0_c2', 'r0_c3', 'r1_c3', 'r2_c3')","('r0_c0->r0_c1', 'r0_c1->r0_c2', 'r0_c2->r0_c3', 'r0_c3->r1_c3', 'r1_c3->r2_c3')",0.0,0
task_4,robot_1,421.53535673579006,421.53535673579006,426.53535673579006,426.53535673579006,481.53535673579006,0.0,60.0,idealized,5.0,5.0,5.0,0.0,0,"('r2_c3', 'r2_c2', 'r2_c1', 'r2_c0', 'r1_c0', 'r0_c0')","('r2_c3->r2_c2', 'r2_c2->r2_c1', 'r2_c1->r2_c0', 'r2_c0->r1_c0', 'r1_c0->r0_c0')",5.0,5.0,5.0,0.0,0,"('r0_c0', 'r0_c1', 'r0_c2', 'r0_c3', 'r1_c3', 'r2_c3')","('r0_c0->r0_c1', 'r0_c1->r0_c2', 'r0_c2->r0_c3', 'r0_c3->r1_c3', 'r1_c3->r2_c3')",0.0,0
task_5,robot_1,489.6806590170604,489.6806590170604,494.6806590170604,494.6806590170604,549.6806590170604,0.0,60.0,idealized,5.0,5.0,5.0,0.0,0,"('r2_c3', 'r2_c2', 'r2_c1', 'r2_c0', 'r1_c0', 'r0_c0')","('r2_c3->r2_c2', 'r2_c2->r2_c1', 'r2_c1->r2_c0', 'r2_c0->r1_c0', 'r1_c0->r0_c0')",5.0,5.0,5.0,0.0,0,"('r0_c0', 'r0_c1', 'r0_c2', 'r0_c3', 'r1_c3', 'r2_c3')","('r0_c0->r0_c1', 'r0_c1->r0_c2', 'r0_c2->r0_c3', 'r0_c3->r1_c3', 'r1_c3->r2_c3')",0.0,0
task_6,robot_2,537.76181388482,537.76181388482,542.76181388482,542.76181388482,597.76181388482,0.0,60.0,idealized,5.0,5.0,5.0,0.0,0,"('r2_c3', 'r2_c2', 'r2_c1', 'r2_c0', 'r1_c0', 'r0_c0')","('r2_c3->r2_c2', 'r2_c2->r2_c1', 'r2_c1->r2_c0', 'r2_c0->r1_c0', 'r1_c0->r0_c0')",5.0,5.0,5.0,0.0,0,"('r0_c0', 'r0_c1', 'r0_c2', 'r0_c3', 'r1_c3', 'r2_c3')","('r0_c0->r0_c1', 'r0_c1->r0_c2', 'r0_c2->r0_c3', 'r0_c3->r1_c3', 'r1_c3->r2_c3')",0.0,0
task_7,robot_1,542.1768996270929,549.6806590170604,554.6806590170604,554.6806590170604,609.6806590170604,7.503759389967513,67.50375938996751,idealized,5.0,5.0,5.0,0.0,0,"('r2_c3', 'r2_c2', 'r2_c1', 'r2_c0', 'r1_c0', 'r0_c0')","('r2_c3->r2_c2', 'r2_c2->r2_c1', 'r2_c1->r2_c0', 'r2_c0->r1_c0', 'r1_c0->r0_c0')",5.0,5.0,5.0,0.0,0,"('r0_c0', 'r0_c1', 'r0_c2', 'r0_c3', 'r1_c3', 'r2_c3')","('r0_c0->r0_c1', 'r0_c1->r0_c2', 'r0_c2->r0_c3', 'r0_c3->r1_c3', 'r1_c3->r2_c3')",0.0,0
task_8,robot_2,564.8313548396615,597.76181388482,602.76181388482,602.76181388482,657.76181388482,32.9304590451585,92.9304590451585,idealized,5.0,5.0,5.0,0.0,0,"('r2_c3', 'r2_c2', 'r2_c1', 'r2_c0', 'r1_c0', 'r0_c0')","('r2_c3->r2_c2', 'r2_c2->r2_c1', 'r2_c1->r2_c0', 'r2_c0->r1_c0', 'r1_c0->r0_c0')",5.0,5.0,5.0,0.0,0,"('r0_c0', 'r0_c1', 'r0_c2', 'r0_c3', 'r1_c3', 'r2_c3')","('r0_c0->r0_c1', 'r0_c1->r0_c2', 'r0_c2->r0_c3', 'r0_c3->r1_c3', 'r1_c3->r2_c3')",0.0,0
task_9,robot_1,687.1795001969543,687.1795001969543,692.1795001969543,692.1795001969543,747.1795001969543,0.0,60.0,idealized,5.0,5.0,5.0,0.0,0,"('r2_c3', 'r2_c2', 'r2_c1', 'r2_c0', 'r1_c0', 'r0_c0')","('r2_c3->r2_c2', 'r2_c2->r2_c1', 'r2_c1->r2_c0', 'r2_c0->r1_c0', 'r1_c0->r0_c0')",5.0,5.0,5.0,0.0,0,"('r0_c0', 'r0_c1', 'r0_c2', 'r0_c3', 'r1_c3', 'r2_c3')","('r0_c0->r0_c1', 'r0_c1->r0_c2', 'r0_c2->r0_c3', 'r0_c3->r1_c3', 'r1_c3->r2_c3')",0.0,0
