metric_schema_version,benchmark_name,scenario_family,scenario_id,scenario_name,seed,left_policy,right_policy,diagnostic_type,mean_selected_policy_margin_left,mean_selected_policy_margin_right,mean_selected_congestion_delay,mean_selected_due_time_remaining,investigation_signal,hypothesis
1.1,canonical_dispatch_benchmark_heavy,canonical_dispatch_heavy,dense_crossing_heavy,dense_crossing_heavy,7,congestion_aware_nearest_robot_task,nearest_robot_task,dispatch,0.039711191335740074,0.03982444334864047,0.08415974692492188,0.0,0.08427299893782228,heuristic_alignment
1.1,canonical_dispatch_benchmark_heavy,canonical_dispatch_heavy,dense_crossing_heavy,dense_crossing_heavy,11,congestion_aware_nearest_robot_task,nearest_robot_task,dispatch,0.03859649122807018,0.03870009149105829,0.05516685231553494,0.0,0.055270452578523054,heuristic_alignment
1.1,canonical_dispatch_benchmark_heavy,canonical_dispatch_heavy,dense_crossing_heavy,dense_crossing_heavy,13,congestion_aware_nearest_robot_task,nearest_robot_task,dispatch,0.03942652329749104,0.039505472861694674,0.057535606817666875,0.0,0.05761455638187051,heuristic_alignment
1.1,canonical_dispatch_benchmark_heavy,canonical_dispatch_heavy,dense_crossing_heavy,dense_crossing_heavy,17,congestion_aware_nearest_robot_task,nearest_robot_task,dispatch,0.03666666666666667,0.03676920152407251,0.048965967972845845,0.0,0.04906850283025169,heuristic_alignment
1.1,canonical_dispatch_benchmark_heavy,canonical_dispatch_heavy,dense_crossing_heavy,dense_crossing_heavy,19,congestion_aware_nearest_robot_task,nearest_robot_task,dispatch,0.04044117647058824,0.04087799711316825,0.054131617480026956,0.0,0.05456843812260697,heuristic_alignment
1.1,canonical_dispatch_benchmark_heavy,canonical_dispatch_heavy,dense_crossing_heavy,dense_crossing_heavy,23,congestion_aware_nearest_robot_task,nearest_robot_task,dispatch,0.03806228373702422,0.038239698973117464,0.04168788376241248,0.0,0.041865298998505725,heuristic_alignment
1.1,canonical_dispatch_benchmark_heavy,canonical_dispatch_heavy,dense_crossing_heavy,dense_crossing_heavy,29,congestion_aware_nearest_robot_task,nearest_robot_task,dispatch,0.03914590747330961,0.03952099632384427,0.03435744067148306,0.0,0.03473252952201772,heuristic_alignment
1.1,canonical_dispatch_benchmark_heavy,canonical_dispatch_heavy,dense_crossing_heavy,dense_crossing_heavy,31,congestion_aware_nearest_robot_task,nearest_robot_task,dispatch,0.03642384105960265,0.03703149945884862,0.04464027094810503,0.0,0.045247929347351,heuristic_alignment
1.1,canonical_dispatch_benchmark_heavy,canonical_dispatch_heavy,dense_crossing_heavy,dense_crossing_heavy,37,congestion_aware_nearest_robot_task,nearest_robot_task,dispatch,0.03819444444444445,0.03826816105285288,0.05680332335868682,0.0,0.05687703996709525,heuristic_alignment
1.1,canonical_dispatch_benchmark_heavy,canonical_dispatch_heavy,dense_crossing_heavy,dense_crossing_heavy,41,congestion_aware_nearest_robot_task,nearest_robot_task,dispatch,0.03819444444444445,0.038850944109140854,0.041951754277136266,0.0,0.04260825394183267,heuristic_alignment
1.1,canonical_dispatch_benchmark_heavy,canonical_dispatch_heavy,dense_crossing_heavy,dense_crossing_heavy,43,congestion_aware_nearest_robot_task,nearest_robot_task,dispatch,0.03754266211604096,0.03784305071716052,0.05675840662687366,0.0,0.057058795227993224,heuristic_alignment
1.1,canonical_dispatch_benchmark_heavy,canonical_dispatch_heavy,dense_crossing_heavy,dense_crossing_heavy,47,congestion_aware_nearest_robot_task,nearest_robot_task,dispatch,0.03832752613240418,0.03844698097430496,0.07154429999692602,0.0,0.07166375483882681,heuristic_alignment
1.1,canonical_dispatch_benchmark_heavy,canonical_dispatch_heavy,dense_crossing_heavy,dense_crossing_heavy,53,congestion_aware_nearest_robot_task,nearest_robot_task,dispatch,0.03900709219858156,0.03912980440654131,0.06177612452682585,0.0,0.0618988367347856,heuristic_alignment
1.1,canonical_dispatch_benchmark_heavy,canonical_dispatch_heavy,dense_crossing_heavy,dense_crossing_heavy,59,congestion_aware_nearest_robot_task,nearest_robot_task,dispatch,0.038461538461538464,0.038466687956720105,0.07223783903036998,0.0,0.07224298852555162,heuristic_alignment
1.1,canonical_dispatch_benchmark_heavy,canonical_dispatch_heavy,dense_crossing_heavy,dense_crossing_heavy,61,congestion_aware_nearest_robot_task,nearest_robot_task,dispatch,0.040740740740740744,0.04096646399975938,0.03878938508752238,0.0,0.03901510834654102,heuristic_alignment
1.1,canonical_dispatch_benchmark_heavy,canonical_dispatch_heavy,dense_crossing_heavy,dense_crossing_heavy,67,congestion_aware_nearest_robot_task,nearest_robot_task,dispatch,0.03873239436619718,0.03903559549259778,0.033114360204212684,0.0,0.033417561330613285,heuristic_alignment
1.1,canonical_dispatch_benchmark_heavy,canonical_dispatch_heavy,dense_crossing_heavy,dense_crossing_heavy,71,congestion_aware_nearest_robot_task,nearest_robot_task,dispatch,0.03133736934538334,0.03720442474164485,0.057133019820123074,0.0,0.0630000752163846,heuristic_alignment
1.1,canonical_dispatch_benchmark_heavy,canonical_dispatch_heavy,dense_crossing_heavy,dense_crossing_heavy,73,congestion_aware_nearest_robot_task,nearest_robot_task,dispatch,0.038461538461538464,0.03889165773020448,0.05710825493552649,0.0,0.057538374204192506,heuristic_alignment
1.1,canonical_dispatch_benchmark_heavy,canonical_dispatch_heavy,dense_crossing_heavy,dense_crossing_heavy,79,congestion_aware_nearest_robot_task,nearest_robot_task,dispatch,0.036303630363036306,0.03642239790657212,0.0766079833741365,0.0,0.07672675091767231,heuristic_alignment
1.1,canonical_dispatch_benchmark_heavy,canonical_dispatch_heavy,dense_crossing_heavy,dense_crossing_heavy,83,congestion_aware_nearest_robot_task,nearest_robot_task,dispatch,0.03900709219858156,0.03918123201236878,0.0703589229807228,0.0,0.07053306279451002,heuristic_alignment
1.1,canonical_dispatch_benchmark_heavy,canonical_dispatch_heavy,dense_crossing_heavy,dense_crossing_heavy,89,congestion_aware_nearest_robot_task,nearest_robot_task,dispatch,0.040145985401459854,0.04039988200943224,0.06121892514010222,0.0,0.061472821748074606,heuristic_alignment
1.1,canonical_dispatch_benchmark_heavy,canonical_dispatch_heavy,dense_crossing_heavy,dense_crossing_heavy,97,congestion_aware_nearest_robot_task,nearest_robot_task,dispatch,0.039568345323741004,0.03960953796357067,0.06195244538003807,0.0,0.061993638019867736,heuristic_alignment
1.1,canonical_dispatch_benchmark_heavy,canonical_dispatch_heavy,dense_crossing_heavy,dense_crossing_heavy,101,congestion_aware_nearest_robot_task,nearest_robot_task,dispatch,0.037800687285223365,0.03843401647604046,0.042769723123685995,0.0,0.04340305231450309,heuristic_alignment
1.1,canonical_dispatch_benchmark_heavy,canonical_dispatch_heavy,dense_crossing_heavy,dense_crossing_heavy,103,congestion_aware_nearest_robot_task,nearest_robot_task,dispatch,0.03594771241830065,0.036423286011519965,0.0606084504207594,0.0,0.061084024013978715,heuristic_alignment
1.1,canonical_dispatch_benchmark_heavy,canonical_dispatch_heavy,dense_crossing_heavy,dense_crossing_heavy,107,congestion_aware_nearest_robot_task,nearest_robot_task,dispatch,0.036544850498338874,0.03673576510088377,0.048354653579618004,0.0,0.0485455681821629,heuristic_alignment
1.1,canonical_dispatch_benchmark_heavy,canonical_dispatch_heavy,high_fleet_density,high_fleet_density,7,congestion_aware_nearest_robot_task,nearest_robot_task,dispatch,0.125,0.125,0.012465498340180403,0.0,0.012465498340180403,heuristic_alignment
1.1,canonical_dispatch_benchmark_heavy,canonical_dispatch_heavy,high_fleet_density,high_fleet_density,7,congestion_aware_nearest_robot_task,trained_graph_dispatch_model,dispatch,0.125,0.4375,0.012465498340180403,0.0,0.3249654983401804,heuristic_alignment
1.1,canonical_dispatch_benchmark_heavy,canonical_dispatch_heavy,high_fleet_density,high_fleet_density,7,congestion_aware_nearest_robot_task,trained_linear_model,dispatch,0.125,1.0461288974526894,0.012465498340180403,0.0,0.9335943957928698,heuristic_alignment
1.1,canonical_dispatch_benchmark_heavy,canonical_dispatch_heavy,high_fleet_density,high_fleet_density,7,congestion_aware_nearest_robot_task,trained_mlp_model,dispatch,0.125,0.4343957302014953,0.012465498340180403,0.0,0.3218612285416757,heuristic_alignment
1.1,canonical_dispatch_benchmark_heavy,canonical_dispatch_heavy,high_fleet_density,high_fleet_density,7,nearest_robot_task,trained_graph_dispatch_model,dispatch,0.125,0.4375,0.012465498340180403,0.0,0.3249654983401804,heuristic_alignment
1.1,canonical_dispatch_benchmark_heavy,canonical_dispatch_heavy,high_fleet_density,high_fleet_density,7,nearest_robot_task,trained_linear_model,dispatch,0.125,1.0461288974526894,0.012465498340180403,0.0,0.9335943957928698,heuristic_alignment
1.1,canonical_dispatch_benchmark_heavy,canonical_dispatch_heavy,high_fleet_density,high_fleet_density,7,nearest_robot_task,trained_mlp_model,dispatch,0.125,0.4343957302014953,0.012465498340180403,0.0,0.3218612285416757,heuristic_alignment
1.1,canonical_dispatch_benchmark_heavy,canonical_dispatch_heavy,high_fleet_density,high_fleet_density,7,trained_graph_dispatch_model,trained_linear_model,dispatch,0.4375,1.0461288974526894,0.012465498340180403,0.0,0.6210943957928698,heuristic_alignment
1.1,canonical_dispatch_benchmark_heavy,canonical_dispatch_heavy,high_fleet_density,high_fleet_density,7,trained_graph_dispatch_model,trained_mlp_model,dispatch,0.4375,0.4343957302014953,0.012465498340180403,0.0,0.015569768138685103,heuristic_alignment
1.1,canonical_dispatch_benchmark_heavy,canonical_dispatch_heavy,high_fleet_density,high_fleet_density,7,trained_linear_model,trained_mlp_model,dispatch,1.0461288974526894,0.4343957302014953,0.012465498340180403,0.0,0.6241986655913745,heuristic_alignment
1.1,canonical_dispatch_benchmark_heavy,canonical_dispatch_heavy,high_fleet_density,high_fleet_density,11,congestion_aware_nearest_robot_task,nearest_robot_task,dispatch,0.16666666666666666,0.16666666666666666,0.0,0.0,0.0,heuristic_alignment
1.1,canonical_dispatch_benchmark_heavy,canonical_dispatch_heavy,high_fleet_density,high_fleet_density,11,congestion_aware_nearest_robot_task,trained_graph_dispatch_model,dispatch,0.16666666666666666,0.5833333333333334,0.0,0.0,0.41666666666666674,heuristic_alignment
1.1,canonical_dispatch_benchmark_heavy,canonical_dispatch_heavy,high_fleet_density,high_fleet_density,11,congestion_aware_nearest_robot_task,trained_linear_model,dispatch,0.16666666666666666,1.5517376460979537,0.0,0.0,1.385070979431287,heuristic_alignment
1.1,canonical_dispatch_benchmark_heavy,canonical_dispatch_heavy,high_fleet_density,high_fleet_density,11,congestion_aware_nearest_robot_task,trained_mlp_model,dispatch,0.16666666666666666,0.5992308824553584,0.0,0.0,0.43256421578869175,heuristic_alignment
1.1,canonical_dispatch_benchmark_heavy,canonical_dispatch_heavy,high_fleet_density,high_fleet_density,11,nearest_robot_task,trained_graph_dispatch_model,dispatch,0.16666666666666666,0.5833333333333334,0.0,0.0,0.41666666666666674,heuristic_alignment
1.1,canonical_dispatch_benchmark_heavy,canonical_dispatch_heavy,high_fleet_density,high_fleet_density,11,nearest_robot_task,trained_linear_model,dispatch,0.16666666666666666,1.5517376460979537,0.0,0.0,1.385070979431287,heuristic_alignment
1.1,canonical_dispatch_benchmark_heavy,canonical_dispatch_heavy,high_fleet_density,high_fleet_density,11,nearest_robot_task,trained_mlp_model,dispatch,0.16666666666666666,0.5992308824553584,0.0,0.0,0.43256421578869175,heuristic_alignment
1.1,canonical_dispatch_benchmark_heavy,canonical_dispatch_heavy,high_fleet_density,high_fleet_density,11,trained_graph_dispatch_model,trained_linear_model,dispatch,0.5833333333333334,1.5517376460979537,0.0,0.0,0.9684043127646204,heuristic_alignment
1.1,canonical_dispatch_benchmark_heavy,canonical_dispatch_heavy,high_fleet_density,high_fleet_density,11,trained_graph_dispatch_model,trained_mlp_model,dispatch,0.5833333333333334,0.5992308824553584,0.0,0.0,0.015897549122025012,heuristic_alignment
1.1,canonical_dispatch_benchmark_heavy,canonical_dispatch_heavy,high_fleet_density,high_fleet_density,11,trained_linear_model,trained_mlp_model,dispatch,1.5517376460979537,0.5992308824553584,0.0,0.0,0.9525067636425953,heuristic_alignment
1.1,canonical_dispatch_benchmark_heavy,canonical_dispatch_heavy,high_fleet_density,high_fleet_density,13,congestion_aware_nearest_robot_task,nearest_robot_task,dispatch,0.18181818181818182,0.18181818181818182,0.0,0.0,0.0,heuristic_alignment
1.1,canonical_dispatch_benchmark_heavy,canonical_dispatch_heavy,high_fleet_density,high_fleet_density,13,congestion_aware_nearest_robot_task,trained_graph_dispatch_model,dispatch,0.18181818181818182,0.6363636363636364,0.0,0.0,0.45454545454545453,heuristic_alignment
1.1,canonical_dispatch_benchmark_heavy,canonical_dispatch_heavy,high_fleet_density,high_fleet_density,13,congestion_aware_nearest_robot_task,trained_linear_model,dispatch,0.18181818181818182,0.6407014157458477,0.0,0.0,0.4588832339276659,heuristic_alignment
1.1,canonical_dispatch_benchmark_heavy,canonical_dispatch_heavy,high_fleet_density,high_fleet_density,13,congestion_aware_nearest_robot_task,trained_mlp_model,dispatch,0.18181818181818182,0.24470694915718497,0.0,0.0,0.06288876733900314,heuristic_alignment
1.1,canonical_dispatch_benchmark_heavy,canonical_dispatch_heavy,high_fleet_density,high_fleet_density,13,nearest_robot_task,trained_graph_dispatch_model,dispatch,0.18181818181818182,0.6363636363636364,0.0,0.0,0.45454545454545453,heuristic_alignment
1.1,canonical_dispatch_benchmark_heavy,canonical_dispatch_heavy,high_fleet_density,high_fleet_density,13,nearest_robot_task,trained_linear_model,dispatch,0.18181818181818182,0.6407014157458477,0.0,0.0,0.4588832339276659,heuristic_alignment
1.1,canonical_dispatch_benchmark_heavy,canonical_dispatch_heavy,high_fleet_density,high_fleet_density,13,nearest_robot_task,trained_mlp_model,dispatch,0.18181818181818182,0.24470694915718497,0.0,0.0,0.06288876733900314,heuristic_alignment
1.1,canonical_dispatch_benchmark_heavy,canonical_dispatch_heavy,high_fleet_density,high_fleet_density,13,trained_graph_dispatch_model,trained_linear_model,dispatch,0.6363636363636364,0.6407014157458477,0.0,0.0,0.00433777938221136,heuristic_alignment
1.1,canonical_dispatch_benchmark_heavy,canonical_dispatch_heavy,high_fleet_density,high_fleet_density,13,trained_graph_dispatch_model,trained_mlp_model,dispatch,0.6363636363636364,0.24470694915718497,0.0,0.0,0.3916566872064514,heuristic_alignment
1.1,canonical_dispatch_benchmark_heavy,canonical_dispatch_heavy,high_fleet_density,high_fleet_density,13,trained_linear_model,trained_mlp_model,dispatch,0.6407014157458477,0.24470694915718497,0.0,0.0,0.3959944665886628,heuristic_alignment
1.1,canonical_dispatch_benchmark_heavy,canonical_dispatch_heavy,high_fleet_density,high_fleet_density,17,congestion_aware_nearest_robot_task,nearest_robot_task,dispatch,0.18181818181818182,0.18181818181818182,0.0,0.0,0.0,heuristic_alignment
1.1,canonical_dispatch_benchmark_heavy,canonical_dispatch_heavy,high_fleet_density,high_fleet_density,17,congestion_aware_nearest_robot_task,trained_graph_dispatch_model,dispatch,0.18181818181818182,0.6363636363636364,0.0,0.0,0.45454545454545453,heuristic_alignment
1.1,canonical_dispatch_benchmark_heavy,canonical_dispatch_heavy,high_fleet_density,high_fleet_density,17,congestion_aware_nearest_robot_task,trained_linear_model,dispatch,0.18181818181818182,0.6965476560670829,0.0,0.0,0.514729474248901,heuristic_alignment
1.1,canonical_dispatch_benchmark_heavy,canonical_dispatch_heavy,high_fleet_density,high_fleet_density,17,congestion_aware_nearest_robot_task,trained_mlp_model,dispatch,0.18181818181818182,0.2676358306156028,0.0,0.0,0.08581764879742099,heuristic_alignment
1.1,canonical_dispatch_benchmark_heavy,canonical_dispatch_heavy,high_fleet_density,high_fleet_density,17,nearest_robot_task,trained_graph_dispatch_model,dispatch,0.18181818181818182,0.6363636363636364,0.0,0.0,0.45454545454545453,heuristic_alignment
1.1,canonical_dispatch_benchmark_heavy,canonical_dispatch_heavy,high_fleet_density,high_fleet_density,17,nearest_robot_task,trained_linear_model,dispatch,0.18181818181818182,0.6965476560670829,0.0,0.0,0.514729474248901,heuristic_alignment
1.1,canonical_dispatch_benchmark_heavy,canonical_dispatch_heavy,high_fleet_density,high_fleet_density,17,nearest_robot_task,trained_mlp_model,dispatch,0.18181818181818182,0.2676358306156028,0.0,0.0,0.08581764879742099,heuristic_alignment
1.1,canonical_dispatch_benchmark_heavy,canonical_dispatch_heavy,high_fleet_density,high_fleet_density,17,trained_graph_dispatch_model,trained_linear_model,dispatch,0.6363636363636364,0.6965476560670829,0.0,0.0,0.060184019703446556,heuristic_alignment
1.1,canonical_dispatch_benchmark_heavy,canonical_dispatch_heavy,high_fleet_density,high_fleet_density,17,trained_graph_dispatch_model,trained_mlp_model,dispatch,0.6363636363636364,0.2676358306156028,0.0,0.0,0.36872780574803354,heuristic_alignment
1.1,canonical_dispatch_benchmark_heavy,canonical_dispatch_heavy,high_fleet_density,high_fleet_density,17,trained_linear_model,trained_mlp_model,dispatch,0.6965476560670829,0.2676358306156028,0.0,0.0,0.4289118254514801,heuristic_alignment
1.1,canonical_dispatch_benchmark_heavy,canonical_dispatch_heavy,high_fleet_density,high_fleet_density,19,congestion_aware_nearest_robot_task,nearest_robot_task,dispatch,0.18181818181818182,0.18181818181818182,0.0,0.0,0.0,heuristic_alignment
1.1,canonical_dispatch_benchmark_heavy,canonical_dispatch_heavy,high_fleet_density,high_fleet_density,19,congestion_aware_nearest_robot_task,trained_graph_dispatch_model,dispatch,0.18181818181818182,0.6363636363636364,0.0,0.0,0.45454545454545453,heuristic_alignment
1.1,canonical_dispatch_benchmark_heavy,canonical_dispatch_heavy,high_fleet_density,high_fleet_density,19,congestion_aware_nearest_robot_task,trained_linear_model,dispatch,0.18181818181818182,0.8374179070151996,0.0,0.0,0.6555997251970178,heuristic_alignment
1.1,canonical_dispatch_benchmark_heavy,canonical_dispatch_heavy,high_fleet_density,high_fleet_density,19,congestion_aware_nearest_robot_task,trained_mlp_model,dispatch,0.18181818181818182,0.309342230298409,0.0,0.0,0.1275240484802272,heuristic_alignment
1.1,canonical_dispatch_benchmark_heavy,canonical_dispatch_heavy,high_fleet_density,high_fleet_density,19,nearest_robot_task,trained_graph_dispatch_model,dispatch,0.18181818181818182,0.6363636363636364,0.0,0.0,0.45454545454545453,heuristic_alignment
1.1,canonical_dispatch_benchmark_heavy,canonical_dispatch_heavy,high_fleet_density,high_fleet_density,19,nearest_robot_task,trained_linear_model,dispatch,0.18181818181818182,0.8374179070151996,0.0,0.0,0.6555997251970178,heuristic_alignment
1.1,canonical_dispatch_benchmark_heavy,canonical_dispatch_heavy,high_fleet_density,high_fleet_density,19,nearest_robot_task,trained_mlp_model,dispatch,0.18181818181818182,0.309342230298409,0.0,0.0,0.1275240484802272,heuristic_alignment
1.1,canonical_dispatch_benchmark_heavy,canonical_dispatch_heavy,high_fleet_density,high_fleet_density,19,trained_graph_dispatch_model,trained_linear_model,dispatch,0.6363636363636364,0.8374179070151996,0.0,0.0,0.20105427065156323,heuristic_alignment
1.1,canonical_dispatch_benchmark_heavy,canonical_dispatch_heavy,high_fleet_density,high_fleet_density,19,trained_graph_dispatch_model,trained_mlp_model,dispatch,0.6363636363636364,0.309342230298409,0.0,0.0,0.32702140606522734,heuristic_alignment
1.1,canonical_dispatch_benchmark_heavy,canonical_dispatch_heavy,high_fleet_density,high_fleet_density,19,trained_linear_model,trained_mlp_model,dispatch,0.8374179070151996,0.309342230298409,0.0,0.0,0.5280756767167906,heuristic_alignment
1.1,canonical_dispatch_benchmark_heavy,canonical_dispatch_heavy,high_fleet_density,high_fleet_density,23,congestion_aware_nearest_robot_task,nearest_robot_task,dispatch,0.16666666666666666,0.16666666666666666,0.03537204001981801,0.0,0.03537204001981801,heuristic_alignment
1.1,canonical_dispatch_benchmark_heavy,canonical_dispatch_heavy,high_fleet_density,high_fleet_density,23,congestion_aware_nearest_robot_task,trained_graph_dispatch_model,dispatch,0.16666666666666666,0.5833333333333334,0.03537204001981801,0.0,0.45203870668648477,heuristic_alignment
1.1,canonical_dispatch_benchmark_heavy,canonical_dispatch_heavy,high_fleet_density,high_fleet_density,23,congestion_aware_nearest_robot_task,trained_linear_model,dispatch,0.16666666666666666,0.7519262389714071,0.03537204001981801,0.0,0.6206316123245584,heuristic_alignment
1.1,canonical_dispatch_benchmark_heavy,canonical_dispatch_heavy,high_fleet_density,high_fleet_density,23,congestion_aware_nearest_robot_task,trained_mlp_model,dispatch,0.16666666666666666,0.28261044912844513,0.03537204001981801,0.0,0.15131582248159647,heuristic_alignment
1.1,canonical_dispatch_benchmark_heavy,canonical_dispatch_heavy,high_fleet_density,high_fleet_density,23,nearest_robot_task,trained_graph_dispatch_model,dispatch,0.16666666666666666,0.5833333333333334,0.03537204001981801,0.0,0.45203870668648477,heuristic_alignment
1.1,canonical_dispatch_benchmark_heavy,canonical_dispatch_heavy,high_fleet_density,high_fleet_density,23,nearest_robot_task,trained_linear_model,dispatch,0.16666666666666666,0.7519262389714071,0.03537204001981801,0.0,0.6206316123245584,heuristic_alignment
1.1,canonical_dispatch_benchmark_heavy,canonical_dispatch_heavy,high_fleet_density,high_fleet_density,23,nearest_robot_task,trained_mlp_model,dispatch,0.16666666666666666,0.28261044912844513,0.03537204001981801,0.0,0.15131582248159647,heuristic_alignment
1.1,canonical_dispatch_benchmark_heavy,canonical_dispatch_heavy,high_fleet_density,high_fleet_density,23,trained_graph_dispatch_model,trained_linear_model,dispatch,0.5833333333333334,0.7519262389714071,0.03537204001981801,0.0,0.20396494565789172,heuristic_alignment
1.1,canonical_dispatch_benchmark_heavy,canonical_dispatch_heavy,high_fleet_density,high_fleet_density,23,trained_graph_dispatch_model,trained_mlp_model,dispatch,0.5833333333333334,0.28261044912844513,0.03537204001981801,0.0,0.33609492422470627,heuristic_alignment
1.1,canonical_dispatch_benchmark_heavy,canonical_dispatch_heavy,high_fleet_density,high_fleet_density,23,trained_linear_model,trained_mlp_model,dispatch,0.7519262389714071,0.28261044912844513,0.03537204001981801,0.0,0.5046878298627799,heuristic_alignment
1.1,canonical_dispatch_benchmark_heavy,canonical_dispatch_heavy,high_fleet_density,high_fleet_density,29,congestion_aware_nearest_robot_task,nearest_robot_task,dispatch,0.13333333333333333,0.13333333333333333,0.0,0.0,0.0,heuristic_alignment
1.1,canonical_dispatch_benchmark_heavy,canonical_dispatch_heavy,high_fleet_density,high_fleet_density,29,congestion_aware_nearest_robot_task,trained_graph_dispatch_model,dispatch,0.13333333333333333,0.4666666666666667,0.0,0.0,0.33333333333333337,heuristic_alignment
1.1,canonical_dispatch_benchmark_heavy,canonical_dispatch_heavy,high_fleet_density,high_fleet_density,29,congestion_aware_nearest_robot_task,trained_linear_model,dispatch,0.13333333333333333,1.733141803904561,0.0,0.0,1.5998084705712277,heuristic_alignment
1.1,canonical_dispatch_benchmark_heavy,canonical_dispatch_heavy,high_fleet_density,high_fleet_density,29,congestion_aware_nearest_robot_task,trained_mlp_model,dispatch,0.13333333333333333,0.7632713931665701,0.0,0.0,0.6299380598332368,heuristic_alignment
1.1,canonical_dispatch_benchmark_heavy,canonical_dispatch_heavy,high_fleet_density,high_fleet_density,29,nearest_robot_task,trained_graph_dispatch_model,dispatch,0.13333333333333333,0.4666666666666667,0.0,0.0,0.33333333333333337,heuristic_alignment
1.1,canonical_dispatch_benchmark_heavy,canonical_dispatch_heavy,high_fleet_density,high_fleet_density,29,nearest_robot_task,trained_linear_model,dispatch,0.13333333333333333,1.733141803904561,0.0,0.0,1.5998084705712277,heuristic_alignment
1.1,canonical_dispatch_benchmark_heavy,canonical_dispatch_heavy,high_fleet_density,high_fleet_density,29,nearest_robot_task,trained_mlp_model,dispatch,0.13333333333333333,0.7632713931665701,0.0,0.0,0.6299380598332368,heuristic_alignment
1.1,canonical_dispatch_benchmark_heavy,canonical_dispatch_heavy,high_fleet_density,high_fleet_density,29,trained_graph_dispatch_model,trained_linear_model,dispatch,0.4666666666666667,1.733141803904561,0.0,0.0,1.2664751372378942,heuristic_alignment
1.1,canonical_dispatch_benchmark_heavy,canonical_dispatch_heavy,high_fleet_density,high_fleet_density,29,trained_graph_dispatch_model,trained_mlp_model,dispatch,0.4666666666666667,0.7632713931665701,0.0,0.0,0.29660472649990344,heuristic_alignment
1.1,canonical_dispatch_benchmark_heavy,canonical_dispatch_heavy,high_fleet_density,high_fleet_density,29,trained_linear_model,trained_mlp_model,dispatch,1.733141803904561,0.7632713931665701,0.0,0.0,0.9698704107379909,heuristic_alignment
1.1,canonical_dispatch_benchmark_heavy,canonical_dispatch_heavy,high_fleet_density,high_fleet_density,31,congestion_aware_nearest_robot_task,nearest_robot_task,dispatch,0.18181818181818182,0.18181818181818182,0.040925106314225766,0.0,0.040925106314225766,heuristic_alignment
1.1,canonical_dispatch_benchmark_heavy,canonical_dispatch_heavy,high_fleet_density,high_fleet_density,31,congestion_aware_nearest_robot_task,trained_graph_dispatch_model,dispatch,0.18181818181818182,0.6363636363636364,0.040925106314225766,0.0,0.4954705608596803,heuristic_alignment
1.1,canonical_dispatch_benchmark_heavy,canonical_dispatch_heavy,high_fleet_density,high_fleet_density,31,congestion_aware_nearest_robot_task,trained_linear_model,dispatch,0.18181818181818182,0.8925621786140632,0.040925106314225766,0.0,0.751669103110107,heuristic_alignment
1.1,canonical_dispatch_benchmark_heavy,canonical_dispatch_heavy,high_fleet_density,high_fleet_density,31,congestion_aware_nearest_robot_task,trained_mlp_model,dispatch,0.18181818181818182,0.3176833466614804,0.040925106314225766,0.0,0.17679027115752435,heuristic_alignment
1.1,canonical_dispatch_benchmark_heavy,canonical_dispatch_heavy,high_fleet_density,high_fleet_density,31,nearest_robot_task,trained_graph_dispatch_model,dispatch,0.18181818181818182,0.6363636363636364,0.040925106314225766,0.0,0.4954705608596803,heuristic_alignment
1.1,canonical_dispatch_benchmark_heavy,canonical_dispatch_heavy,high_fleet_density,high_fleet_density,31,nearest_robot_task,trained_linear_model,dispatch,0.18181818181818182,0.8925621786140632,0.040925106314225766,0.0,0.751669103110107,heuristic_alignment
1.1,canonical_dispatch_benchmark_heavy,canonical_dispatch_heavy,high_fleet_density,high_fleet_density,31,nearest_robot_task,trained_mlp_model,dispatch,0.18181818181818182,0.3176833466614804,0.040925106314225766,0.0,0.17679027115752435,heuristic_alignment
1.1,canonical_dispatch_benchmark_heavy,canonical_dispatch_heavy,high_fleet_density,high_fleet_density,31,trained_graph_dispatch_model,trained_linear_model,dispatch,0.6363636363636364,0.8925621786140632,0.040925106314225766,0.0,0.29712364856465256,heuristic_alignment
1.1,canonical_dispatch_benchmark_heavy,canonical_dispatch_heavy,high_fleet_density,high_fleet_density,31,trained_graph_dispatch_model,trained_mlp_model,dispatch,0.6363636363636364,0.3176833466614804,0.040925106314225766,0.0,0.3596053960163817,heuristic_alignment
1.1,canonical_dispatch_benchmark_heavy,canonical_dispatch_heavy,high_fleet_density,high_fleet_density,31,trained_linear_model,trained_mlp_model,dispatch,0.8925621786140632,0.3176833466614804,0.040925106314225766,0.0,0.6158039382668086,heuristic_alignment
1.1,canonical_dispatch_benchmark_heavy,canonical_dispatch_heavy,high_fleet_density,high_fleet_density,37,congestion_aware_nearest_robot_task,nearest_robot_task,dispatch,0.2,0.2,0.0,0.0,0.0,heuristic_alignment
1.1,canonical_dispatch_benchmark_heavy,canonical_dispatch_heavy,high_fleet_density,high_fleet_density,37,congestion_aware_nearest_robot_task,trained_graph_dispatch_model,dispatch,0.2,0.7,0.0,0.0,0.49999999999999994,heuristic_alignment
1.1,canonical_dispatch_benchmark_heavy,canonical_dispatch_heavy,high_fleet_density,high_fleet_density,37,congestion_aware_nearest_robot_task,trained_linear_model,dispatch,0.2,0.776035590683571,0.0,0.0,0.576035590683571,heuristic_alignment
1.1,canonical_dispatch_benchmark_heavy,canonical_dispatch_heavy,high_fleet_density,high_fleet_density,37,congestion_aware_nearest_robot_task,trained_mlp_model,dispatch,0.2,0.29965978704622886,0.0,0.0,0.09965978704622885,heuristic_alignment
1.1,canonical_dispatch_benchmark_heavy,canonical_dispatch_heavy,high_fleet_density,high_fleet_density,37,nearest_robot_task,trained_graph_dispatch_model,dispatch,0.2,0.7,0.0,0.0,0.49999999999999994,heuristic_alignment
1.1,canonical_dispatch_benchmark_heavy,canonical_dispatch_heavy,high_fleet_density,high_fleet_density,37,nearest_robot_task,trained_linear_model,dispatch,0.2,0.776035590683571,0.0,0.0,0.576035590683571,heuristic_alignment
1.1,canonical_dispatch_benchmark_heavy,canonical_dispatch_heavy,high_fleet_density,high_fleet_density,37,nearest_robot_task,trained_mlp_model,dispatch,0.2,0.29965978704622886,0.0,0.0,0.09965978704622885,heuristic_alignment
1.1,canonical_dispatch_benchmark_heavy,canonical_dispatch_heavy,high_fleet_density,high_fleet_density,37,trained_graph_dispatch_model,trained_linear_model,dispatch,0.7,0.776035590683571,0.0,0.0,0.07603559068357102,heuristic_alignment
1.1,canonical_dispatch_benchmark_heavy,canonical_dispatch_heavy,high_fleet_density,high_fleet_density,37,trained_graph_dispatch_model,trained_mlp_model,dispatch,0.7,0.29965978704622886,0.0,0.0,0.4003402129537711,heuristic_alignment
1.1,canonical_dispatch_benchmark_heavy,canonical_dispatch_heavy,high_fleet_density,high_fleet_density,37,trained_linear_model,trained_mlp_model,dispatch,0.776035590683571,0.29965978704622886,0.0,0.0,0.4763758036373421,heuristic_alignment
1.1,canonical_dispatch_benchmark_heavy,canonical_dispatch_heavy,high_fleet_density,high_fleet_density,41,congestion_aware_nearest_robot_task,nearest_robot_task,dispatch,0.25,0.25,0.0,0.0,0.0,heuristic_alignment
1.1,canonical_dispatch_benchmark_heavy,canonical_dispatch_heavy,high_fleet_density,high_fleet_density,41,congestion_aware_nearest_robot_task,trained_graph_dispatch_model,dispatch,0.25,0.875,0.0,0.0,0.625,heuristic_alignment
1.1,canonical_dispatch_benchmark_heavy,canonical_dispatch_heavy,high_fleet_density,high_fleet_density,41,congestion_aware_nearest_robot_task,trained_linear_model,dispatch,0.25,0.2182422229706678,0.0,0.0,0.03175777702933219,heuristic_alignment
1.1,canonical_dispatch_benchmark_heavy,canonical_dispatch_heavy,high_fleet_density,high_fleet_density,41,congestion_aware_nearest_robot_task,trained_mlp_model,dispatch,0.25,0.08926008429044657,0.0,0.0,0.16073991570955343,heuristic_alignment
1.1,canonical_dispatch_benchmark_heavy,canonical_dispatch_heavy,high_fleet_density,high_fleet_density,41,nearest_robot_task,trained_graph_dispatch_model,dispatch,0.25,0.875,0.0,0.0,0.625,heuristic_alignment
1.1,canonical_dispatch_benchmark_heavy,canonical_dispatch_heavy,high_fleet_density,high_fleet_density,41,nearest_robot_task,trained_linear_model,dispatch,0.25,0.2182422229706678,0.0,0.0,0.03175777702933219,heuristic_alignment
1.1,canonical_dispatch_benchmark_heavy,canonical_dispatch_heavy,high_fleet_density,high_fleet_density,41,nearest_robot_task,trained_mlp_model,dispatch,0.25,0.08926008429044657,0.0,0.0,0.16073991570955343,heuristic_alignment
1.1,canonical_dispatch_benchmark_heavy,canonical_dispatch_heavy,high_fleet_density,high_fleet_density,41,trained_graph_dispatch_model,trained_linear_model,dispatch,0.875,0.2182422229706678,0.0,0.0,0.6567577770293322,heuristic_alignment
1.1,canonical_dispatch_benchmark_heavy,canonical_dispatch_heavy,high_fleet_density,high_fleet_density,41,trained_graph_dispatch_model,trained_mlp_model,dispatch,0.875,0.08926008429044657,0.0,0.0,0.7857399157095535,heuristic_alignment
1.1,canonical_dispatch_benchmark_heavy,canonical_dispatch_heavy,high_fleet_density,high_fleet_density,41,trained_linear_model,trained_mlp_model,dispatch,0.2182422229706678,0.08926008429044657,0.0,0.0,0.12898213868022124,heuristic_alignment
1.1,canonical_dispatch_benchmark_heavy,canonical_dispatch_heavy,high_fleet_density,high_fleet_density,43,congestion_aware_nearest_robot_task,nearest_robot_task,dispatch,0.18181818181818182,0.18181818181818182,0.0,0.0,0.0,heuristic_alignment
1.1,canonical_dispatch_benchmark_heavy,canonical_dispatch_heavy,high_fleet_density,high_fleet_density,43,congestion_aware_nearest_robot_task,trained_graph_dispatch_model,dispatch,0.18181818181818182,0.6363636363636364,0.0,0.0,0.45454545454545453,heuristic_alignment
1.1,canonical_dispatch_benchmark_heavy,canonical_dispatch_heavy,high_fleet_density,high_fleet_density,43,congestion_aware_nearest_robot_task,trained_linear_model,dispatch,0.18181818181818182,1.2101489840398332,0.0,0.0,1.0283308022216513,heuristic_alignment
1.1,canonical_dispatch_benchmark_heavy,canonical_dispatch_heavy,high_fleet_density,high_fleet_density,43,congestion_aware_nearest_robot_task,trained_mlp_model,dispatch,0.18181818181818182,0.4233726234144154,0.0,0.0,0.24155444159623357,heuristic_alignment
1.1,canonical_dispatch_benchmark_heavy,canonical_dispatch_heavy,high_fleet_density,high_fleet_density,43,nearest_robot_task,trained_graph_dispatch_model,dispatch,0.18181818181818182,0.6363636363636364,0.0,0.0,0.45454545454545453,heuristic_alignment
1.1,canonical_dispatch_benchmark_heavy,canonical_dispatch_heavy,high_fleet_density,high_fleet_density,43,nearest_robot_task,trained_linear_model,dispatch,0.18181818181818182,1.2101489840398332,0.0,0.0,1.0283308022216513,heuristic_alignment
1.1,canonical_dispatch_benchmark_heavy,canonical_dispatch_heavy,high_fleet_density,high_fleet_density,43,nearest_robot_task,trained_mlp_model,dispatch,0.18181818181818182,0.4233726234144154,0.0,0.0,0.24155444159623357,heuristic_alignment
1.1,canonical_dispatch_benchmark_heavy,canonical_dispatch_heavy,high_fleet_density,high_fleet_density,43,trained_graph_dispatch_model,trained_linear_model,dispatch,0.6363636363636364,1.2101489840398332,0.0,0.0,0.5737853476761968,heuristic_alignment
1.1,canonical_dispatch_benchmark_heavy,canonical_dispatch_heavy,high_fleet_density,high_fleet_density,43,trained_graph_dispatch_model,trained_mlp_model,dispatch,0.6363636363636364,0.4233726234144154,0.0,0.0,0.21299101294922096,heuristic_alignment
1.1,canonical_dispatch_benchmark_heavy,canonical_dispatch_heavy,high_fleet_density,high_fleet_density,43,trained_linear_model,trained_mlp_model,dispatch,1.2101489840398332,0.4233726234144154,0.0,0.0,0.7867763606254178,heuristic_alignment
1.1,canonical_dispatch_benchmark_heavy,canonical_dispatch_heavy,high_fleet_density,high_fleet_density,47,congestion_aware_nearest_robot_task,nearest_robot_task,dispatch,0.16666666666666666,0.16666666666666666,0.0,0.0,0.0,heuristic_alignment
1.1,canonical_dispatch_benchmark_heavy,canonical_dispatch_heavy,high_fleet_density,high_fleet_density,47,congestion_aware_nearest_robot_task,trained_graph_dispatch_model,dispatch,0.16666666666666666,0.5833333333333334,0.0,0.0,0.41666666666666674,heuristic_alignment
1.1,canonical_dispatch_benchmark_heavy,canonical_dispatch_heavy,high_fleet_density,high_fleet_density,47,congestion_aware_nearest_robot_task,trained_linear_model,dispatch,0.16666666666666666,0.9405112754658194,0.0,0.0,0.7738446087991527,heuristic_alignment
1.1,canonical_dispatch_benchmark_heavy,canonical_dispatch_heavy,high_fleet_density,high_fleet_density,47,congestion_aware_nearest_robot_task,trained_mlp_model,dispatch,0.16666666666666666,0.34850475220477417,0.0,0.0,0.1818380855381075,heuristic_alignment
1.1,canonical_dispatch_benchmark_heavy,canonical_dispatch_heavy,high_fleet_density,high_fleet_density,47,nearest_robot_task,trained_graph_dispatch_model,dispatch,0.16666666666666666,0.5833333333333334,0.0,0.0,0.41666666666666674,heuristic_alignment
1.1,canonical_dispatch_benchmark_heavy,canonical_dispatch_heavy,high_fleet_density,high_fleet_density,47,nearest_robot_task,trained_linear_model,dispatch,0.16666666666666666,0.9405112754658194,0.0,0.0,0.7738446087991527,heuristic_alignment
1.1,canonical_dispatch_benchmark_heavy,canonical_dispatch_heavy,high_fleet_density,high_fleet_density,47,nearest_robot_task,trained_mlp_model,dispatch,0.16666666666666666,0.34850475220477417,0.0,0.0,0.1818380855381075,heuristic_alignment
1.1,canonical_dispatch_benchmark_heavy,canonical_dispatch_heavy,high_fleet_density,high_fleet_density,47,trained_graph_dispatch_model,trained_linear_model,dispatch,0.5833333333333334,0.9405112754658194,0.0,0.0,0.357177942132486,heuristic_alignment
1.1,canonical_dispatch_benchmark_heavy,canonical_dispatch_heavy,high_fleet_density,high_fleet_density,47,trained_graph_dispatch_model,trained_mlp_model,dispatch,0.5833333333333334,0.34850475220477417,0.0,0.0,0.2348285811285592,heuristic_alignment
1.1,canonical_dispatch_benchmark_heavy,canonical_dispatch_heavy,high_fleet_density,high_fleet_density,47,trained_linear_model,trained_mlp_model,dispatch,0.9405112754658194,0.34850475220477417,0.0,0.0,0.5920065232610452,heuristic_alignment
1.1,canonical_dispatch_benchmark_heavy,canonical_dispatch_heavy,high_fleet_density,high_fleet_density,53,congestion_aware_nearest_robot_task,nearest_robot_task,dispatch,0.2,0.2,0.0,0.0,0.0,heuristic_alignment
1.1,canonical_dispatch_benchmark_heavy,canonical_dispatch_heavy,high_fleet_density,high_fleet_density,53,congestion_aware_nearest_robot_task,trained_graph_dispatch_model,dispatch,0.2,0.7,0.0,0.0,0.49999999999999994,heuristic_alignment
1.1,canonical_dispatch_benchmark_heavy,canonical_dispatch_heavy,high_fleet_density,high_fleet_density,53,congestion_aware_nearest_robot_task,trained_linear_model,dispatch,0.2,2.269907895056015,0.0,0.0,2.069907895056015,heuristic_alignment
1.1,canonical_dispatch_benchmark_heavy,canonical_dispatch_heavy,high_fleet_density,high_fleet_density,53,congestion_aware_nearest_robot_task,trained_mlp_model,dispatch,0.2,0.8736064220161766,0.0,0.0,0.6736064220161766,heuristic_alignment
1.1,canonical_dispatch_benchmark_heavy,canonical_dispatch_heavy,high_fleet_density,high_fleet_density,53,nearest_robot_task,trained_graph_dispatch_model,dispatch,0.2,0.7,0.0,0.0,0.49999999999999994,heuristic_alignment
1.1,canonical_dispatch_benchmark_heavy,canonical_dispatch_heavy,high_fleet_density,high_fleet_density,53,nearest_robot_task,trained_linear_model,dispatch,0.2,2.269907895056015,0.0,0.0,2.069907895056015,heuristic_alignment
1.1,canonical_dispatch_benchmark_heavy,canonical_dispatch_heavy,high_fleet_density,high_fleet_density,53,nearest_robot_task,trained_mlp_model,dispatch,0.2,0.8736064220161766,0.0,0.0,0.6736064220161766,heuristic_alignment
1.1,canonical_dispatch_benchmark_heavy,canonical_dispatch_heavy,high_fleet_density,high_fleet_density,53,trained_graph_dispatch_model,trained_linear_model,dispatch,0.7,2.269907895056015,0.0,0.0,1.569907895056015,heuristic_alignment
1.1,canonical_dispatch_benchmark_heavy,canonical_dispatch_heavy,high_fleet_density,high_fleet_density,53,trained_graph_dispatch_model,trained_mlp_model,dispatch,0.7,0.8736064220161766,0.0,0.0,0.1736064220161766,heuristic_alignment
1.1,canonical_dispatch_benchmark_heavy,canonical_dispatch_heavy,high_fleet_density,high_fleet_density,53,trained_linear_model,trained_mlp_model,dispatch,2.269907895056015,0.8736064220161766,0.0,0.0,1.3963014730398384,heuristic_alignment
1.1,canonical_dispatch_benchmark_heavy,canonical_dispatch_heavy,high_fleet_density,high_fleet_density,59,congestion_aware_nearest_robot_task,nearest_robot_task,dispatch,0.11764705882352941,0.11764705882352941,0.0,0.0,0.0,heuristic_alignment
1.1,canonical_dispatch_benchmark_heavy,canonical_dispatch_heavy,high_fleet_density,high_fleet_density,59,congestion_aware_nearest_robot_task,trained_graph_dispatch_model,dispatch,0.11764705882352941,0.4117647058823529,0.0,0.0,0.2941176470588235,heuristic_alignment
1.1,canonical_dispatch_benchmark_heavy,canonical_dispatch_heavy,high_fleet_density,high_fleet_density,59,congestion_aware_nearest_robot_task,trained_linear_model,dispatch,0.11764705882352941,0.8544515133060325,0.0,0.0,0.7368044544825031,heuristic_alignment
1.1,canonical_dispatch_benchmark_heavy,canonical_dispatch_heavy,high_fleet_density,high_fleet_density,59,congestion_aware_nearest_robot_task,trained_mlp_model,dispatch,0.11764705882352941,0.2964195361114794,0.0,0.0,0.17877247728795,heuristic_alignment
1.1,canonical_dispatch_benchmark_heavy,canonical_dispatch_heavy,high_fleet_density,high_fleet_density,59,nearest_robot_task,trained_graph_dispatch_model,dispatch,0.11764705882352941,0.4117647058823529,0.0,0.0,0.2941176470588235,heuristic_alignment
1.1,canonical_dispatch_benchmark_heavy,canonical_dispatch_heavy,high_fleet_density,high_fleet_density,59,nearest_robot_task,trained_linear_model,dispatch,0.11764705882352941,0.8544515133060325,0.0,0.0,0.7368044544825031,heuristic_alignment
1.1,canonical_dispatch_benchmark_heavy,canonical_dispatch_heavy,high_fleet_density,high_fleet_density,59,nearest_robot_task,trained_mlp_model,dispatch,0.11764705882352941,0.2964195361114794,0.0,0.0,0.17877247728795,heuristic_alignment
1.1,canonical_dispatch_benchmark_heavy,canonical_dispatch_heavy,high_fleet_density,high_fleet_density,59,trained_graph_dispatch_model,trained_linear_model,dispatch,0.4117647058823529,0.8544515133060325,0.0,0.0,0.4426868074236796,heuristic_alignment
1.1,canonical_dispatch_benchmark_heavy,canonical_dispatch_heavy,high_fleet_density,high_fleet_density,59,trained_graph_dispatch_model,trained_mlp_model,dispatch,0.4117647058823529,0.2964195361114794,0.0,0.0,0.1153451697708735,heuristic_alignment
1.1,canonical_dispatch_benchmark_heavy,canonical_dispatch_heavy,high_fleet_density,high_fleet_density,59,trained_linear_model,trained_mlp_model,dispatch,0.8544515133060325,0.2964195361114794,0.0,0.0,0.5580319771945531,heuristic_alignment
1.1,canonical_dispatch_benchmark_heavy,canonical_dispatch_heavy,high_fleet_density,high_fleet_density,61,congestion_aware_nearest_robot_task,nearest_robot_task,dispatch,0.15384615384615385,0.15384615384615385,0.005213392893315709,0.0,0.005213392893315709,heuristic_alignment
1.1,canonical_dispatch_benchmark_heavy,canonical_dispatch_heavy,high_fleet_density,high_fleet_density,61,congestion_aware_nearest_robot_task,trained_graph_dispatch_model,dispatch,0.15384615384615385,0.5384615384615384,0.005213392893315709,0.0,0.38982877750870026,heuristic_alignment
1.1,canonical_dispatch_benchmark_heavy,canonical_dispatch_heavy,high_fleet_density,high_fleet_density,61,congestion_aware_nearest_robot_task,trained_linear_model,dispatch,0.15384615384615385,0.8777747266768035,0.005213392893315709,0.0,0.7291419657239653,heuristic_alignment
1.1,canonical_dispatch_benchmark_heavy,canonical_dispatch_heavy,high_fleet_density,high_fleet_density,61,congestion_aware_nearest_robot_task,trained_mlp_model,dispatch,0.15384615384615385,0.3053473336447604,0.005213392893315709,0.0,0.15671457269192227,heuristic_alignment
1.1,canonical_dispatch_benchmark_heavy,canonical_dispatch_heavy,high_fleet_density,high_fleet_density,61,nearest_robot_task,trained_graph_dispatch_model,dispatch,0.15384615384615385,0.5384615384615384,0.005213392893315709,0.0,0.38982877750870026,heuristic_alignment
1.1,canonical_dispatch_benchmark_heavy,canonical_dispatch_heavy,high_fleet_density,high_fleet_density,61,nearest_robot_task,trained_linear_model,dispatch,0.15384615384615385,0.8777747266768035,0.005213392893315709,0.0,0.7291419657239653,heuristic_alignment
1.1,canonical_dispatch_benchmark_heavy,canonical_dispatch_heavy,high_fleet_density,high_fleet_density,61,nearest_robot_task,trained_mlp_model,dispatch,0.15384615384615385,0.3053473336447604,0.005213392893315709,0.0,0.15671457269192227,heuristic_alignment
1.1,canonical_dispatch_benchmark_heavy,canonical_dispatch_heavy,high_fleet_density,high_fleet_density,61,trained_graph_dispatch_model,trained_linear_model,dispatch,0.5384615384615384,0.8777747266768035,0.005213392893315709,0.0,0.3445265811085807,heuristic_alignment
1.1,canonical_dispatch_benchmark_heavy,canonical_dispatch_heavy,high_fleet_density,high_fleet_density,61,trained_graph_dispatch_model,trained_mlp_model,dispatch,0.5384615384615384,0.3053473336447604,0.005213392893315709,0.0,0.23832759771009374,heuristic_alignment
1.1,canonical_dispatch_benchmark_heavy,canonical_dispatch_heavy,high_fleet_density,high_fleet_density,61,trained_linear_model,trained_mlp_model,dispatch,0.8777747266768035,0.3053473336447604,0.005213392893315709,0.0,0.5776407859253587,heuristic_alignment
1.1,canonical_dispatch_benchmark_heavy,canonical_dispatch_heavy,high_fleet_density,high_fleet_density,67,congestion_aware_nearest_robot_task,nearest_robot_task,dispatch,0.10526315789473684,0.10526315789473684,0.0,0.0,0.0,heuristic_alignment
1.1,canonical_dispatch_benchmark_heavy,canonical_dispatch_heavy,high_fleet_density,high_fleet_density,67,congestion_aware_nearest_robot_task,trained_graph_dispatch_model,dispatch,0.10526315789473684,0.3684210526315789,0.0,0.0,0.2631578947368421,heuristic_alignment
1.1,canonical_dispatch_benchmark_heavy,canonical_dispatch_heavy,high_fleet_density,high_fleet_density,67,congestion_aware_nearest_robot_task,trained_linear_model,dispatch,0.10526315789473684,1.595584947822076,0.0,0.0,1.4903217899273393,heuristic_alignment
1.1,canonical_dispatch_benchmark_heavy,canonical_dispatch_heavy,high_fleet_density,high_fleet_density,67,congestion_aware_nearest_robot_task,trained_mlp_model,dispatch,0.10526315789473684,0.7361271740939164,0.0,0.0,0.6308640161991795,heuristic_alignment
1.1,canonical_dispatch_benchmark_heavy,canonical_dispatch_heavy,high_fleet_density,high_fleet_density,67,nearest_robot_task,trained_graph_dispatch_model,dispatch,0.10526315789473684,0.3684210526315789,0.0,0.0,0.2631578947368421,heuristic_alignment
1.1,canonical_dispatch_benchmark_heavy,canonical_dispatch_heavy,high_fleet_density,high_fleet_density,67,nearest_robot_task,trained_linear_model,dispatch,0.10526315789473684,1.595584947822076,0.0,0.0,1.4903217899273393,heuristic_alignment
1.1,canonical_dispatch_benchmark_heavy,canonical_dispatch_heavy,high_fleet_density,high_fleet_density,67,nearest_robot_task,trained_mlp_model,dispatch,0.10526315789473684,0.7361271740939164,0.0,0.0,0.6308640161991795,heuristic_alignment
1.1,canonical_dispatch_benchmark_heavy,canonical_dispatch_heavy,high_fleet_density,high_fleet_density,67,trained_graph_dispatch_model,trained_linear_model,dispatch,0.3684210526315789,1.595584947822076,0.0,0.0,1.227163895190497,heuristic_alignment
1.1,canonical_dispatch_benchmark_heavy,canonical_dispatch_heavy,high_fleet_density,high_fleet_density,67,trained_graph_dispatch_model,trained_mlp_model,dispatch,0.3684210526315789,0.7361271740939164,0.0,0.0,0.36770612146233744,heuristic_alignment
1.1,canonical_dispatch_benchmark_heavy,canonical_dispatch_heavy,high_fleet_density,high_fleet_density,67,trained_linear_model,trained_mlp_model,dispatch,1.595584947822076,0.7361271740939164,0.0,0.0,0.8594577737281597,heuristic_alignment
1.1,canonical_dispatch_benchmark_heavy,canonical_dispatch_heavy,high_fleet_density,high_fleet_density,71,congestion_aware_nearest_robot_task,nearest_robot_task,dispatch,0.18181818181818182,0.18181818181818182,0.0,0.0,0.0,heuristic_alignment
1.1,canonical_dispatch_benchmark_heavy,canonical_dispatch_heavy,high_fleet_density,high_fleet_density,71,congestion_aware_nearest_robot_task,trained_graph_dispatch_model,dispatch,0.18181818181818182,0.6363636363636364,0.0,0.0,0.45454545454545453,heuristic_alignment
1.1,canonical_dispatch_benchmark_heavy,canonical_dispatch_heavy,high_fleet_density,high_fleet_density,71,congestion_aware_nearest_robot_task,trained_linear_model,dispatch,0.18181818181818182,1.2858661912734222,0.0,0.0,1.1040480094552403,heuristic_alignment
1.1,canonical_dispatch_benchmark_heavy,canonical_dispatch_heavy,high_fleet_density,high_fleet_density,71,congestion_aware_nearest_robot_task,trained_mlp_model,dispatch,0.18181818181818182,0.4459199141371393,0.0,0.0,0.26410173231895745,heuristic_alignment
1.1,canonical_dispatch_benchmark_heavy,canonical_dispatch_heavy,high_fleet_density,high_fleet_density,71,nearest_robot_task,trained_graph_dispatch_model,dispatch,0.18181818181818182,0.6363636363636364,0.0,0.0,0.45454545454545453,heuristic_alignment
1.1,canonical_dispatch_benchmark_heavy,canonical_dispatch_heavy,high_fleet_density,high_fleet_density,71,nearest_robot_task,trained_linear_model,dispatch,0.18181818181818182,1.2858661912734222,0.0,0.0,1.1040480094552403,heuristic_alignment
1.1,canonical_dispatch_benchmark_heavy,canonical_dispatch_heavy,high_fleet_density,high_fleet_density,71,nearest_robot_task,trained_mlp_model,dispatch,0.18181818181818182,0.4459199141371393,0.0,0.0,0.26410173231895745,heuristic_alignment
1.1,canonical_dispatch_benchmark_heavy,canonical_dispatch_heavy,high_fleet_density,high_fleet_density,71,trained_graph_dispatch_model,trained_linear_model,dispatch,0.6363636363636364,1.2858661912734222,0.0,0.0,0.6495025549097858,heuristic_alignment
1.1,canonical_dispatch_benchmark_heavy,canonical_dispatch_heavy,high_fleet_density,high_fleet_density,71,trained_graph_dispatch_model,trained_mlp_model,dispatch,0.6363636363636364,0.4459199141371393,0.0,0.0,0.19044372222649708,heuristic_alignment
1.1,canonical_dispatch_benchmark_heavy,canonical_dispatch_heavy,high_fleet_density,high_fleet_density,71,trained_linear_model,trained_mlp_model,dispatch,1.2858661912734222,0.4459199141371393,0.0,0.0,0.8399462771362829,heuristic_alignment
1.1,canonical_dispatch_benchmark_heavy,canonical_dispatch_heavy,high_fleet_density,high_fleet_density,73,congestion_aware_nearest_robot_task,nearest_robot_task,dispatch,0.15384615384615385,0.15384615384615385,0.0,0.0,0.0,heuristic_alignment
1.1,canonical_dispatch_benchmark_heavy,canonical_dispatch_heavy,high_fleet_density,high_fleet_density,73,congestion_aware_nearest_robot_task,trained_graph_dispatch_model,dispatch,0.15384615384615385,0.5384615384615384,0.0,0.0,0.3846153846153846,heuristic_alignment
1.1,canonical_dispatch_benchmark_heavy,canonical_dispatch_heavy,high_fleet_density,high_fleet_density,73,congestion_aware_nearest_robot_task,trained_linear_model,dispatch,0.15384615384615385,0.3819953961881151,0.0,0.0,0.22814924234196127,heuristic_alignment
1.1,canonical_dispatch_benchmark_heavy,canonical_dispatch_heavy,high_fleet_density,high_fleet_density,73,congestion_aware_nearest_robot_task,trained_mlp_model,dispatch,0.15384615384615385,0.1459422719208686,0.0,0.0,0.007903881925285267,heuristic_alignment
1.1,canonical_dispatch_benchmark_heavy,canonical_dispatch_heavy,high_fleet_density,high_fleet_density,73,nearest_robot_task,trained_graph_dispatch_model,dispatch,0.15384615384615385,0.5384615384615384,0.0,0.0,0.3846153846153846,heuristic_alignment
1.1,canonical_dispatch_benchmark_heavy,canonical_dispatch_heavy,high_fleet_density,high_fleet_density,73,nearest_robot_task,trained_linear_model,dispatch,0.15384615384615385,0.3819953961881151,0.0,0.0,0.22814924234196127,heuristic_alignment
1.1,canonical_dispatch_benchmark_heavy,canonical_dispatch_heavy,high_fleet_density,high_fleet_density,73,nearest_robot_task,trained_mlp_model,dispatch,0.15384615384615385,0.1459422719208686,0.0,0.0,0.007903881925285267,heuristic_alignment
1.1,canonical_dispatch_benchmark_heavy,canonical_dispatch_heavy,high_fleet_density,high_fleet_density,73,trained_graph_dispatch_model,trained_linear_model,dispatch,0.5384615384615384,0.3819953961881151,0.0,0.0,0.15646614227342331,heuristic_alignment
1.1,canonical_dispatch_benchmark_heavy,canonical_dispatch_heavy,high_fleet_density,high_fleet_density,73,trained_graph_dispatch_model,trained_mlp_model,dispatch,0.5384615384615384,0.1459422719208686,0.0,0.0,0.3925192665406698,heuristic_alignment
1.1,canonical_dispatch_benchmark_heavy,canonical_dispatch_heavy,high_fleet_density,high_fleet_density,73,trained_linear_model,trained_mlp_model,dispatch,0.3819953961881151,0.1459422719208686,0.0,0.0,0.23605312426724653,heuristic_alignment
1.1,canonical_dispatch_benchmark_heavy,canonical_dispatch_heavy,high_fleet_density,high_fleet_density,79,congestion_aware_nearest_robot_task,nearest_robot_task,dispatch,0.125,0.125,0.0,0.0,0.0,heuristic_alignment
1.1,canonical_dispatch_benchmark_heavy,canonical_dispatch_heavy,high_fleet_density,high_fleet_density,79,congestion_aware_nearest_robot_task,trained_graph_dispatch_model,dispatch,0.125,0.4375,0.0,0.0,0.3125,heuristic_alignment
1.1,canonical_dispatch_benchmark_heavy,canonical_dispatch_heavy,high_fleet_density,high_fleet_density,79,congestion_aware_nearest_robot_task,trained_linear_model,dispatch,0.125,0.7377133404423043,0.0,0.0,0.6127133404423043,heuristic_alignment
1.1,canonical_dispatch_benchmark_heavy,canonical_dispatch_heavy,high_fleet_density,high_fleet_density,79,congestion_aware_nearest_robot_task,trained_mlp_model,dispatch,0.125,0.24593582624135196,0.0,0.0,0.12093582624135196,heuristic_alignment
1.1,canonical_dispatch_benchmark_heavy,canonical_dispatch_heavy,high_fleet_density,high_fleet_density,79,nearest_robot_task,trained_graph_dispatch_model,dispatch,0.125,0.4375,0.0,0.0,0.3125,heuristic_alignment
1.1,canonical_dispatch_benchmark_heavy,canonical_dispatch_heavy,high_fleet_density,high_fleet_density,79,nearest_robot_task,trained_linear_model,dispatch,0.125,0.7377133404423043,0.0,0.0,0.6127133404423043,heuristic_alignment
1.1,canonical_dispatch_benchmark_heavy,canonical_dispatch_heavy,high_fleet_density,high_fleet_density,79,nearest_robot_task,trained_mlp_model,dispatch,0.125,0.24593582624135196,0.0,0.0,0.12093582624135196,heuristic_alignment
1.1,canonical_dispatch_benchmark_heavy,canonical_dispatch_heavy,high_fleet_density,high_fleet_density,79,trained_graph_dispatch_model,trained_linear_model,dispatch,0.4375,0.7377133404423043,0.0,0.0,0.3002133404423043,heuristic_alignment
1.1,canonical_dispatch_benchmark_heavy,canonical_dispatch_heavy,high_fleet_density,high_fleet_density,79,trained_graph_dispatch_model,trained_mlp_model,dispatch,0.4375,0.24593582624135196,0.0,0.0,0.19156417375864804,heuristic_alignment
1.1,canonical_dispatch_benchmark_heavy,canonical_dispatch_heavy,high_fleet_density,high_fleet_density,79,trained_linear_model,trained_mlp_model,dispatch,0.7377133404423043,0.24593582624135196,0.0,0.0,0.49177751420095234,heuristic_alignment
1.1,canonical_dispatch_benchmark_heavy,canonical_dispatch_heavy,high_fleet_density,high_fleet_density,83,congestion_aware_nearest_robot_task,nearest_robot_task,dispatch,0.2,0.2,0.0,0.0,0.0,heuristic_alignment
1.1,canonical_dispatch_benchmark_heavy,canonical_dispatch_heavy,high_fleet_density,high_fleet_density,83,congestion_aware_nearest_robot_task,trained_graph_dispatch_model,dispatch,0.2,0.7,0.0,0.0,0.49999999999999994,heuristic_alignment
1.1,canonical_dispatch_benchmark_heavy,canonical_dispatch_heavy,high_fleet_density,high_fleet_density,83,congestion_aware_nearest_robot_task,trained_linear_model,dispatch,0.2,0.9902222378069876,0.0,0.0,0.7902222378069876,heuristic_alignment
1.1,canonical_dispatch_benchmark_heavy,canonical_dispatch_heavy,high_fleet_density,high_fleet_density,83,congestion_aware_nearest_robot_task,trained_mlp_model,dispatch,0.2,0.3813630583892544,0.0,0.0,0.18136305838925437,heuristic_alignment
1.1,canonical_dispatch_benchmark_heavy,canonical_dispatch_heavy,high_fleet_density,high_fleet_density,83,nearest_robot_task,trained_graph_dispatch_model,dispatch,0.2,0.7,0.0,0.0,0.49999999999999994,heuristic_alignment
1.1,canonical_dispatch_benchmark_heavy,canonical_dispatch_heavy,high_fleet_density,high_fleet_density,83,nearest_robot_task,trained_linear_model,dispatch,0.2,0.9902222378069876,0.0,0.0,0.7902222378069876,heuristic_alignment
1.1,canonical_dispatch_benchmark_heavy,canonical_dispatch_heavy,high_fleet_density,high_fleet_density,83,nearest_robot_task,trained_mlp_model,dispatch,0.2,0.3813630583892544,0.0,0.0,0.18136305838925437,heuristic_alignment
1.1,canonical_dispatch_benchmark_heavy,canonical_dispatch_heavy,high_fleet_density,high_fleet_density,83,trained_graph_dispatch_model,trained_linear_model,dispatch,0.7,0.9902222378069876,0.0,0.0,0.29022223780698764,heuristic_alignment
1.1,canonical_dispatch_benchmark_heavy,canonical_dispatch_heavy,high_fleet_density,high_fleet_density,83,trained_graph_dispatch_model,trained_mlp_model,dispatch,0.7,0.3813630583892544,0.0,0.0,0.31863694161074557,heuristic_alignment
1.1,canonical_dispatch_benchmark_heavy,canonical_dispatch_heavy,high_fleet_density,high_fleet_density,83,trained_linear_model,trained_mlp_model,dispatch,0.9902222378069876,0.3813630583892544,0.0,0.0,0.6088591794177332,heuristic_alignment
1.1,canonical_dispatch_benchmark_heavy,canonical_dispatch_heavy,high_fleet_density,high_fleet_density,89,congestion_aware_nearest_robot_task,nearest_robot_task,dispatch,0.16666666666666666,0.16666666666666666,0.0,0.0,0.0,heuristic_alignment
1.1,canonical_dispatch_benchmark_heavy,canonical_dispatch_heavy,high_fleet_density,high_fleet_density,89,congestion_aware_nearest_robot_task,trained_graph_dispatch_model,dispatch,0.16666666666666666,0.5833333333333334,0.0,0.0,0.41666666666666674,heuristic_alignment
1.1,canonical_dispatch_benchmark_heavy,canonical_dispatch_heavy,high_fleet_density,high_fleet_density,89,congestion_aware_nearest_robot_task,trained_linear_model,dispatch,0.16666666666666666,0.5817902759011632,0.0,0.0,0.41512360923449654,heuristic_alignment
1.1,canonical_dispatch_benchmark_heavy,canonical_dispatch_heavy,high_fleet_density,high_fleet_density,89,congestion_aware_nearest_robot_task,trained_mlp_model,dispatch,0.16666666666666666,0.2288457751239641,0.0,0.0,0.06217910845729743,heuristic_alignment
1.1,canonical_dispatch_benchmark_heavy,canonical_dispatch_heavy,high_fleet_density,high_fleet_density,89,nearest_robot_task,trained_graph_dispatch_model,dispatch,0.16666666666666666,0.5833333333333334,0.0,0.0,0.41666666666666674,heuristic_alignment
1.1,canonical_dispatch_benchmark_heavy,canonical_dispatch_heavy,high_fleet_density,high_fleet_density,89,nearest_robot_task,trained_linear_model,dispatch,0.16666666666666666,0.5817902759011632,0.0,0.0,0.41512360923449654,heuristic_alignment
1.1,canonical_dispatch_benchmark_heavy,canonical_dispatch_heavy,high_fleet_density,high_fleet_density,89,nearest_robot_task,trained_mlp_model,dispatch,0.16666666666666666,0.2288457751239641,0.0,0.0,0.06217910845729743,heuristic_alignment
1.1,canonical_dispatch_benchmark_heavy,canonical_dispatch_heavy,high_fleet_density,high_fleet_density,89,trained_graph_dispatch_model,trained_linear_model,dispatch,0.5833333333333334,0.5817902759011632,0.0,0.0,0.0015430574321702029,heuristic_alignment
1.1,canonical_dispatch_benchmark_heavy,canonical_dispatch_heavy,high_fleet_density,high_fleet_density,89,trained_graph_dispatch_model,trained_mlp_model,dispatch,0.5833333333333334,0.2288457751239641,0.0,0.0,0.3544875582093693,heuristic_alignment
1.1,canonical_dispatch_benchmark_heavy,canonical_dispatch_heavy,high_fleet_density,high_fleet_density,89,trained_linear_model,trained_mlp_model,dispatch,0.5817902759011632,0.2288457751239641,0.0,0.0,0.3529445007771991,heuristic_alignment
1.1,canonical_dispatch_benchmark_heavy,canonical_dispatch_heavy,high_fleet_density,high_fleet_density,97,congestion_aware_nearest_robot_task,nearest_robot_task,dispatch,0.14285714285714285,0.14285714285714285,0.008770572398813167,0.0,0.008770572398813167,heuristic_alignment
1.1,canonical_dispatch_benchmark_heavy,canonical_dispatch_heavy,high_fleet_density,high_fleet_density,97,congestion_aware_nearest_robot_task,trained_graph_dispatch_model,dispatch,0.14285714285714285,0.5,0.008770572398813167,0.0,0.36591342954167033,heuristic_alignment
1.1,canonical_dispatch_benchmark_heavy,canonical_dispatch_heavy,high_fleet_density,high_fleet_density,97,congestion_aware_nearest_robot_task,trained_linear_model,dispatch,0.14285714285714285,0.8871175928464733,0.008770572398813167,0.0,0.7530310223881436,heuristic_alignment
1.1,canonical_dispatch_benchmark_heavy,canonical_dispatch_heavy,high_fleet_density,high_fleet_density,97,congestion_aware_nearest_robot_task,trained_mlp_model,dispatch,0.14285714285714285,0.3688058517703046,0.008770572398813167,0.0,0.23471928131197495,heuristic_alignment
1.1,canonical_dispatch_benchmark_heavy,canonical_dispatch_heavy,high_fleet_density,high_fleet_density,97,nearest_robot_task,trained_graph_dispatch_model,dispatch,0.14285714285714285,0.5,0.008770572398813167,0.0,0.36591342954167033,heuristic_alignment
1.1,canonical_dispatch_benchmark_heavy,canonical_dispatch_heavy,high_fleet_density,high_fleet_density,97,nearest_robot_task,trained_linear_model,dispatch,0.14285714285714285,0.8871175928464733,0.008770572398813167,0.0,0.7530310223881436,heuristic_alignment
1.1,canonical_dispatch_benchmark_heavy,canonical_dispatch_heavy,high_fleet_density,high_fleet_density,97,nearest_robot_task,trained_mlp_model,dispatch,0.14285714285714285,0.3688058517703046,0.008770572398813167,0.0,0.23471928131197495,heuristic_alignment
1.1,canonical_dispatch_benchmark_heavy,canonical_dispatch_heavy,high_fleet_density,high_fleet_density,97,trained_graph_dispatch_model,trained_linear_model,dispatch,0.5,0.8871175928464733,0.008770572398813167,0.0,0.39588816524528647,heuristic_alignment
1.1,canonical_dispatch_benchmark_heavy,canonical_dispatch_heavy,high_fleet_density,high_fleet_density,97,trained_graph_dispatch_model,trained_mlp_model,dispatch,0.5,0.3688058517703046,0.008770572398813167,0.0,0.13996472062850857,heuristic_alignment
1.1,canonical_dispatch_benchmark_heavy,canonical_dispatch_heavy,high_fleet_density,high_fleet_density,97,trained_linear_model,trained_mlp_model,dispatch,0.8871175928464733,0.3688058517703046,0.008770572398813167,0.0,0.5270823134749818,heuristic_alignment
1.1,canonical_dispatch_benchmark_heavy,canonical_dispatch_heavy,high_fleet_density,high_fleet_density,101,congestion_aware_nearest_robot_task,nearest_robot_task,dispatch,0.3333333333333333,0.3333333333333333,0.0,0.0,0.0,heuristic_alignment
1.1,canonical_dispatch_benchmark_heavy,canonical_dispatch_heavy,high_fleet_density,high_fleet_density,101,congestion_aware_nearest_robot_task,trained_graph_dispatch_model,dispatch,0.3333333333333333,1.1666666666666667,0.0,0.0,0.8333333333333335,heuristic_alignment
1.1,canonical_dispatch_benchmark_heavy,canonical_dispatch_heavy,high_fleet_density,high_fleet_density,101,congestion_aware_nearest_robot_task,trained_linear_model,dispatch,0.3333333333333333,0.2628210064812128,0.0,0.0,0.0705123268521205,heuristic_alignment
1.1,canonical_dispatch_benchmark_heavy,canonical_dispatch_heavy,high_fleet_density,high_fleet_density,101,congestion_aware_nearest_robot_task,trained_mlp_model,dispatch,0.3333333333333333,0.11126427757056472,0.0,0.0,0.22206905576276859,heuristic_alignment
1.1,canonical_dispatch_benchmark_heavy,canonical_dispatch_heavy,high_fleet_density,high_fleet_density,101,nearest_robot_task,trained_graph_dispatch_model,dispatch,0.3333333333333333,1.1666666666666667,0.0,0.0,0.8333333333333335,heuristic_alignment
1.1,canonical_dispatch_benchmark_heavy,canonical_dispatch_heavy,high_fleet_density,high_fleet_density,101,nearest_robot_task,trained_linear_model,dispatch,0.3333333333333333,0.2628210064812128,0.0,0.0,0.0705123268521205,heuristic_alignment
1.1,canonical_dispatch_benchmark_heavy,canonical_dispatch_heavy,high_fleet_density,high_fleet_density,101,nearest_robot_task,trained_mlp_model,dispatch,0.3333333333333333,0.11126427757056472,0.0,0.0,0.22206905576276859,heuristic_alignment
1.1,canonical_dispatch_benchmark_heavy,canonical_dispatch_heavy,high_fleet_density,high_fleet_density,101,trained_graph_dispatch_model,trained_linear_model,dispatch,1.1666666666666667,0.2628210064812128,0.0,0.0,0.9038456601854539,heuristic_alignment
1.1,canonical_dispatch_benchmark_heavy,canonical_dispatch_heavy,high_fleet_density,high_fleet_density,101,trained_graph_dispatch_model,trained_mlp_model,dispatch,1.1666666666666667,0.11126427757056472,0.0,0.0,1.055402389096102,heuristic_alignment
1.1,canonical_dispatch_benchmark_heavy,canonical_dispatch_heavy,high_fleet_density,high_fleet_density,101,trained_linear_model,trained_mlp_model,dispatch,0.2628210064812128,0.11126427757056472,0.0,0.0,0.1515567289106481,heuristic_alignment
1.1,canonical_dispatch_benchmark_heavy,canonical_dispatch_heavy,high_fleet_density,high_fleet_density,103,congestion_aware_nearest_robot_task,nearest_robot_task,dispatch,0.13333333333333333,0.13333333333333333,0.0,0.0,0.0,heuristic_alignment
1.1,canonical_dispatch_benchmark_heavy,canonical_dispatch_heavy,high_fleet_density,high_fleet_density,103,congestion_aware_nearest_robot_task,trained_graph_dispatch_model,dispatch,0.13333333333333333,0.4666666666666667,0.0,0.0,0.33333333333333337,heuristic_alignment
1.1,canonical_dispatch_benchmark_heavy,canonical_dispatch_heavy,high_fleet_density,high_fleet_density,103,congestion_aware_nearest_robot_task,trained_linear_model,dispatch,0.13333333333333333,0.6169384967094995,0.0,0.0,0.4836051633761662,heuristic_alignment
1.1,canonical_dispatch_benchmark_heavy,canonical_dispatch_heavy,high_fleet_density,high_fleet_density,103,congestion_aware_nearest_robot_task,trained_mlp_model,dispatch,0.13333333333333333,0.19463927938275702,0.0,0.0,0.06130594604942369,heuristic_alignment
1.1,canonical_dispatch_benchmark_heavy,canonical_dispatch_heavy,high_fleet_density,high_fleet_density,103,nearest_robot_task,trained_graph_dispatch_model,dispatch,0.13333333333333333,0.4666666666666667,0.0,0.0,0.33333333333333337,heuristic_alignment
1.1,canonical_dispatch_benchmark_heavy,canonical_dispatch_heavy,high_fleet_density,high_fleet_density,103,nearest_robot_task,trained_linear_model,dispatch,0.13333333333333333,0.6169384967094995,0.0,0.0,0.4836051633761662,heuristic_alignment
1.1,canonical_dispatch_benchmark_heavy,canonical_dispatch_heavy,high_fleet_density,high_fleet_density,103,nearest_robot_task,trained_mlp_model,dispatch,0.13333333333333333,0.19463927938275702,0.0,0.0,0.06130594604942369,heuristic_alignment
1.1,canonical_dispatch_benchmark_heavy,canonical_dispatch_heavy,high_fleet_density,high_fleet_density,103,trained_graph_dispatch_model,trained_linear_model,dispatch,0.4666666666666667,0.6169384967094995,0.0,0.0,0.15027183004283284,heuristic_alignment
1.1,canonical_dispatch_benchmark_heavy,canonical_dispatch_heavy,high_fleet_density,high_fleet_density,103,trained_graph_dispatch_model,trained_mlp_model,dispatch,0.4666666666666667,0.19463927938275702,0.0,0.0,0.2720273872839096,heuristic_alignment
1.1,canonical_dispatch_benchmark_heavy,canonical_dispatch_heavy,high_fleet_density,high_fleet_density,103,trained_linear_model,trained_mlp_model,dispatch,0.6169384967094995,0.19463927938275702,0.0,0.0,0.42229921732674247,heuristic_alignment
1.1,canonical_dispatch_benchmark_heavy,canonical_dispatch_heavy,high_fleet_density,high_fleet_density,107,congestion_aware_nearest_robot_task,nearest_robot_task,dispatch,0.06234457958596451,0.125,0.00015542041403548978,0.0,0.06281084082807098,heuristic_alignment
1.1,canonical_dispatch_benchmark_heavy,canonical_dispatch_heavy,high_fleet_density,high_fleet_density,107,congestion_aware_nearest_robot_task,trained_graph_dispatch_model,dispatch,0.06234457958596451,0.4375,0.00015542041403548978,0.0,0.375310840828071,heuristic_alignment
1.1,canonical_dispatch_benchmark_heavy,canonical_dispatch_heavy,high_fleet_density,high_fleet_density,107,congestion_aware_nearest_robot_task,trained_linear_model,dispatch,0.06234457958596451,0.7583151064000659,0.00015542041403548978,0.0,0.6961259472281369,heuristic_alignment
1.1,canonical_dispatch_benchmark_heavy,canonical_dispatch_heavy,high_fleet_density,high_fleet_density,107,congestion_aware_nearest_robot_task,trained_mlp_model,dispatch,0.06234457958596451,0.3207681518662856,0.00015542041403548978,0.0,0.2585789926943566,heuristic_alignment
1.1,canonical_dispatch_benchmark_heavy,canonical_dispatch_heavy,high_fleet_density,high_fleet_density,107,nearest_robot_task,trained_graph_dispatch_model,dispatch,0.125,0.4375,0.00015542041403548978,0.0,0.3126554204140355,heuristic_alignment
1.1,canonical_dispatch_benchmark_heavy,canonical_dispatch_heavy,high_fleet_density,high_fleet_density,107,nearest_robot_task,trained_linear_model,dispatch,0.125,0.7583151064000659,0.00015542041403548978,0.0,0.6334705268141014,heuristic_alignment
1.1,canonical_dispatch_benchmark_heavy,canonical_dispatch_heavy,high_fleet_density,high_fleet_density,107,nearest_robot_task,trained_mlp_model,dispatch,0.125,0.3207681518662856,0.00015542041403548978,0.0,0.1959235722803211,heuristic_alignment
1.1,canonical_dispatch_benchmark_heavy,canonical_dispatch_heavy,high_fleet_density,high_fleet_density,107,trained_graph_dispatch_model,trained_linear_model,dispatch,0.4375,0.7583151064000659,0.00015542041403548978,0.0,0.32097052681410143,heuristic_alignment
1.1,canonical_dispatch_benchmark_heavy,canonical_dispatch_heavy,high_fleet_density,high_fleet_density,107,trained_graph_dispatch_model,trained_mlp_model,dispatch,0.4375,0.3207681518662856,0.00015542041403548978,0.0,0.11688726854774989,heuristic_alignment
1.1,canonical_dispatch_benchmark_heavy,canonical_dispatch_heavy,high_fleet_density,high_fleet_density,107,trained_linear_model,trained_mlp_model,dispatch,0.7583151064000659,0.3207681518662856,0.00015542041403548978,0.0,0.43770237494781583,heuristic_alignment
1.1,canonical_dispatch_benchmark_heavy,canonical_dispatch_heavy,open_high_load,open_high_load,7,congestion_aware_nearest_robot_task,nearest_robot_task,dispatch,0.18181818181818182,0.18181818181818182,0.014562000378539917,0.0,0.014562000378539917,heuristic_alignment
1.1,canonical_dispatch_benchmark_heavy,canonical_dispatch_heavy,open_high_load,open_high_load,7,congestion_aware_nearest_robot_task,trained_linear_model,dispatch,0.18181818181818182,2.2341070214633967,0.014562000378539917,0.0,2.066850840023755,heuristic_alignment
1.1,canonical_dispatch_benchmark_heavy,canonical_dispatch_heavy,open_high_load,open_high_load,7,nearest_robot_task,trained_linear_model,dispatch,0.18181818181818182,2.2341070214633967,0.014562000378539917,0.0,2.066850840023755,heuristic_alignment
1.1,canonical_dispatch_benchmark_heavy,canonical_dispatch_heavy,open_high_load,open_high_load,11,congestion_aware_nearest_robot_task,nearest_robot_task,dispatch,0.2,0.2,0.043039085241340605,0.0,0.043039085241340605,heuristic_alignment
1.1,canonical_dispatch_benchmark_heavy,canonical_dispatch_heavy,open_high_load,open_high_load,11,congestion_aware_nearest_robot_task,trained_linear_model,dispatch,0.2,1.9131883443453237,0.043039085241340605,0.0,1.7562274295866644,heuristic_alignment
1.1,canonical_dispatch_benchmark_heavy,canonical_dispatch_heavy,open_high_load,open_high_load,11,nearest_robot_task,trained_linear_model,dispatch,0.2,1.9131883443453237,0.043039085241340605,0.0,1.7562274295866644,heuristic_alignment
1.1,canonical_dispatch_benchmark_heavy,canonical_dispatch_heavy,open_high_load,open_high_load,13,congestion_aware_nearest_robot_task,nearest_robot_task,dispatch,0.2,0.2,0.0,0.0,0.0,heuristic_alignment
1.1,canonical_dispatch_benchmark_heavy,canonical_dispatch_heavy,open_high_load,open_high_load,13,congestion_aware_nearest_robot_task,trained_linear_model,dispatch,0.2,1.9890248254234133,0.0,0.0,1.7890248254234133,heuristic_alignment
1.1,canonical_dispatch_benchmark_heavy,canonical_dispatch_heavy,open_high_load,open_high_load,13,nearest_robot_task,trained_linear_model,dispatch,0.2,1.9890248254234133,0.0,0.0,1.7890248254234133,heuristic_alignment
1.1,canonical_dispatch_benchmark_heavy,canonical_dispatch_heavy,open_high_load,open_high_load,17,congestion_aware_nearest_robot_task,fifo,dispatch,0.0,1.0,0.0,0.0,1.0,heuristic_alignment
1.1,canonical_dispatch_benchmark_heavy,canonical_dispatch_heavy,open_high_load,open_high_load,17,congestion_aware_nearest_robot_task,nearest_robot_task,dispatch,0.0,0.0,0.0,0.0,0.0,objective_surface_flat
1.1,canonical_dispatch_benchmark_heavy,canonical_dispatch_heavy,open_high_load,open_high_load,17,congestion_aware_nearest_robot_task,trained_linear_model,dispatch,0.0,1.5840644550405565,0.0,0.0,1.5840644550405565,heuristic_alignment
1.1,canonical_dispatch_benchmark_heavy,canonical_dispatch_heavy,open_high_load,open_high_load,17,fifo,nearest_robot_task,dispatch,1.0,0.0,0.0,0.0,1.0,heuristic_alignment
1.1,canonical_dispatch_benchmark_heavy,canonical_dispatch_heavy,open_high_load,open_high_load,17,fifo,trained_linear_model,dispatch,1.0,1.5840644550405565,0.0,0.0,0.5840644550405565,heuristic_alignment
1.1,canonical_dispatch_benchmark_heavy,canonical_dispatch_heavy,open_high_load,open_high_load,17,nearest_robot_task,trained_linear_model,dispatch,0.0,1.5840644550405565,0.0,0.0,1.5840644550405565,heuristic_alignment
1.1,canonical_dispatch_benchmark_heavy,canonical_dispatch_heavy,open_high_load,open_high_load,19,congestion_aware_nearest_robot_task,nearest_robot_task,dispatch,0.25,0.25,0.0,0.0,0.0,heuristic_alignment
1.1,canonical_dispatch_benchmark_heavy,canonical_dispatch_heavy,open_high_load,open_high_load,19,congestion_aware_nearest_robot_task,trained_linear_model,dispatch,0.25,1.784533231987524,0.0,0.0,1.534533231987524,heuristic_alignment
1.1,canonical_dispatch_benchmark_heavy,canonical_dispatch_heavy,open_high_load,open_high_load,19,nearest_robot_task,trained_linear_model,dispatch,0.25,1.784533231987524,0.0,0.0,1.534533231987524,heuristic_alignment
1.1,canonical_dispatch_benchmark_heavy,canonical_dispatch_heavy,open_high_load,open_high_load,23,congestion_aware_nearest_robot_task,nearest_robot_task,dispatch,0.23529411764705882,0.23529411764705882,0.02746646310351396,0.0,0.02746646310351396,heuristic_alignment
1.1,canonical_dispatch_benchmark_heavy,canonical_dispatch_heavy,open_high_load,open_high_load,23,congestion_aware_nearest_robot_task,trained_linear_model,dispatch,0.23529411764705882,2.488068624363551,0.02746646310351396,0.0,2.2802409698200057,heuristic_alignment
1.1,canonical_dispatch_benchmark_heavy,canonical_dispatch_heavy,open_high_load,open_high_load,23,nearest_robot_task,trained_linear_model,dispatch,0.23529411764705882,2.488068624363551,0.02746646310351396,0.0,2.2802409698200057,heuristic_alignment
1.1,canonical_dispatch_benchmark_heavy,canonical_dispatch_heavy,open_high_load,open_high_load,29,congestion_aware_nearest_robot_task,nearest_robot_task,dispatch,0.16666666666666666,0.16666666666666666,0.0,0.0,0.0,heuristic_alignment
1.1,canonical_dispatch_benchmark_heavy,canonical_dispatch_heavy,open_high_load,open_high_load,29,congestion_aware_nearest_robot_task,trained_linear_model,dispatch,0.16666666666666666,2.7135592677969256,0.0,0.0,2.546892601130259,heuristic_alignment
1.1,canonical_dispatch_benchmark_heavy,canonical_dispatch_heavy,open_high_load,open_high_load,29,congestion_aware_nearest_robot_task,trained_mlp_model,dispatch,0.16666666666666666,1.6054970253429504,0.0,0.0,1.4388303586762836,heuristic_alignment
1.1,canonical_dispatch_benchmark_heavy,canonical_dispatch_heavy,open_high_load,open_high_load,29,nearest_robot_task,trained_linear_model,dispatch,0.16666666666666666,2.7135592677969256,0.0,0.0,2.546892601130259,heuristic_alignment
1.1,canonical_dispatch_benchmark_heavy,canonical_dispatch_heavy,open_high_load,open_high_load,29,nearest_robot_task,trained_mlp_model,dispatch,0.16666666666666666,1.6054970253429504,0.0,0.0,1.4388303586762836,heuristic_alignment
1.1,canonical_dispatch_benchmark_heavy,canonical_dispatch_heavy,open_high_load,open_high_load,29,trained_linear_model,trained_mlp_model,dispatch,2.7135592677969256,1.6054970253429504,0.0,0.0,1.1080622424539752,heuristic_alignment
1.1,canonical_dispatch_benchmark_heavy,canonical_dispatch_heavy,open_high_load,open_high_load,31,congestion_aware_nearest_robot_task,nearest_robot_task,dispatch,0.2222222222222222,0.2222222222222222,0.02859069890741083,0.0,0.02859069890741083,heuristic_alignment
1.1,canonical_dispatch_benchmark_heavy,canonical_dispatch_heavy,open_high_load,open_high_load,31,congestion_aware_nearest_robot_task,trained_linear_model,dispatch,0.2222222222222222,1.6622981089320499,0.02859069890741083,0.0,1.4686665856172383,heuristic_alignment
1.1,canonical_dispatch_benchmark_heavy,canonical_dispatch_heavy,open_high_load,open_high_load,31,nearest_robot_task,trained_linear_model,dispatch,0.2222222222222222,1.6622981089320499,0.02859069890741083,0.0,1.4686665856172383,heuristic_alignment
1.1,canonical_dispatch_benchmark_heavy,canonical_dispatch_heavy,open_high_load,open_high_load,37,congestion_aware_nearest_robot_task,nearest_robot_task,dispatch,0.2,0.2,0.03285167060450363,0.0,0.03285167060450363,heuristic_alignment
1.1,canonical_dispatch_benchmark_heavy,canonical_dispatch_heavy,open_high_load,open_high_load,37,congestion_aware_nearest_robot_task,trained_linear_model,dispatch,0.2,2.7506968572868007,0.03285167060450363,0.0,2.583548527891304,heuristic_alignment
1.1,canonical_dispatch_benchmark_heavy,canonical_dispatch_heavy,open_high_load,open_high_load,37,nearest_robot_task,trained_linear_model,dispatch,0.2,2.7506968572868007,0.03285167060450363,0.0,2.583548527891304,heuristic_alignment
1.1,canonical_dispatch_benchmark_heavy,canonical_dispatch_heavy,open_high_load,open_high_load,41,congestion_aware_nearest_robot_task,nearest_robot_task,dispatch,0.2857142857142857,0.2857142857142857,0.0,0.0,0.0,heuristic_alignment
1.1,canonical_dispatch_benchmark_heavy,canonical_dispatch_heavy,open_high_load,open_high_load,41,congestion_aware_nearest_robot_task,trained_linear_model,dispatch,0.2857142857142857,1.288473852540587,0.0,0.0,1.0027595668263012,heuristic_alignment
1.1,canonical_dispatch_benchmark_heavy,canonical_dispatch_heavy,open_high_load,open_high_load,41,congestion_aware_nearest_robot_task,trained_mlp_model,dispatch,0.2857142857142857,0.7884670175743055,0.0,0.0,0.5027527318600198,heuristic_alignment
1.1,canonical_dispatch_benchmark_heavy,canonical_dispatch_heavy,open_high_load,open_high_load,41,nearest_robot_task,trained_linear_model,dispatch,0.2857142857142857,1.288473852540587,0.0,0.0,1.0027595668263012,heuristic_alignment
1.1,canonical_dispatch_benchmark_heavy,canonical_dispatch_heavy,open_high_load,open_high_load,41,nearest_robot_task,trained_mlp_model,dispatch,0.2857142857142857,0.7884670175743055,0.0,0.0,0.5027527318600198,heuristic_alignment
1.1,canonical_dispatch_benchmark_heavy,canonical_dispatch_heavy,open_high_load,open_high_load,41,trained_linear_model,trained_mlp_model,dispatch,1.288473852540587,0.7884670175743055,0.0,0.0,0.5000068349662815,heuristic_alignment
1.1,canonical_dispatch_benchmark_heavy,canonical_dispatch_heavy,open_high_load,open_high_load,43,congestion_aware_nearest_robot_task,nearest_robot_task,dispatch,0.2,0.2,0.0,0.0,0.0,heuristic_alignment
1.1,canonical_dispatch_benchmark_heavy,canonical_dispatch_heavy,open_high_load,open_high_load,43,congestion_aware_nearest_robot_task,trained_linear_model,dispatch,0.2,1.8231285974365874,0.0,0.0,1.6231285974365874,heuristic_alignment
1.1,canonical_dispatch_benchmark_heavy,canonical_dispatch_heavy,open_high_load,open_high_load,43,nearest_robot_task,trained_linear_model,dispatch,0.2,1.8231285974365874,0.0,0.0,1.6231285974365874,heuristic_alignment
1.1,canonical_dispatch_benchmark_heavy,canonical_dispatch_heavy,open_high_load,open_high_load,47,congestion_aware_nearest_robot_task,nearest_robot_task,dispatch,0.2,0.2,0.0,0.0,0.0,heuristic_alignment
1.1,canonical_dispatch_benchmark_heavy,canonical_dispatch_heavy,open_high_load,open_high_load,47,congestion_aware_nearest_robot_task,trained_linear_model,dispatch,0.2,2.5524256460050294,0.0,0.0,2.3524256460050292,heuristic_alignment
1.1,canonical_dispatch_benchmark_heavy,canonical_dispatch_heavy,open_high_load,open_high_load,47,nearest_robot_task,trained_linear_model,dispatch,0.2,2.5524256460050294,0.0,0.0,2.3524256460050292,heuristic_alignment
1.1,canonical_dispatch_benchmark_heavy,canonical_dispatch_heavy,open_high_load,open_high_load,53,congestion_aware_nearest_robot_task,nearest_robot_task,dispatch,0.21052631578947367,0.21052631578947367,0.0,0.0,0.0,heuristic_alignment
1.1,canonical_dispatch_benchmark_heavy,canonical_dispatch_heavy,open_high_load,open_high_load,53,congestion_aware_nearest_robot_task,trained_linear_model,dispatch,0.21052631578947367,1.0106144949497382,0.0,0.0,0.8000881791602645,heuristic_alignment
1.1,canonical_dispatch_benchmark_heavy,canonical_dispatch_heavy,open_high_load,open_high_load,53,nearest_robot_task,trained_linear_model,dispatch,0.21052631578947367,1.0106144949497382,0.0,0.0,0.8000881791602645,heuristic_alignment
1.1,canonical_dispatch_benchmark_heavy,canonical_dispatch_heavy,open_high_load,open_high_load,59,congestion_aware_nearest_robot_task,nearest_robot_task,dispatch,0.19047619047619047,0.19047619047619047,7.181133782716223e-05,0.0,7.181133782716223e-05,heuristic_alignment
1.1,canonical_dispatch_benchmark_heavy,canonical_dispatch_heavy,open_high_load,open_high_load,59,congestion_aware_nearest_robot_task,trained_linear_model,dispatch,0.19047619047619047,1.7037366745456874,7.181133782716223e-05,0.0,1.513332295407324,heuristic_alignment
1.1,canonical_dispatch_benchmark_heavy,canonical_dispatch_heavy,open_high_load,open_high_load,59,nearest_robot_task,trained_linear_model,dispatch,0.19047619047619047,1.7037366745456874,7.181133782716223e-05,0.0,1.513332295407324,heuristic_alignment
1.1,canonical_dispatch_benchmark_heavy,canonical_dispatch_heavy,open_high_load,open_high_load,61,congestion_aware_nearest_robot_task,fifo,dispatch,0.0,1.0,0.051167553692463945,0.0,1.0511675536924638,heuristic_alignment
1.1,canonical_dispatch_benchmark_heavy,canonical_dispatch_heavy,open_high_load,open_high_load,61,congestion_aware_nearest_robot_task,nearest_robot_task,dispatch,0.0,0.0,0.051167553692463945,0.0,0.051167553692463945,heuristic_alignment
1.1,canonical_dispatch_benchmark_heavy,canonical_dispatch_heavy,open_high_load,open_high_load,61,congestion_aware_nearest_robot_task,trained_linear_model,dispatch,0.0,1.9187043408250037,0.051167553692463945,0.0,1.9698718945174676,heuristic_alignment
1.1,canonical_dispatch_benchmark_heavy,canonical_dispatch_heavy,open_high_load,open_high_load,61,congestion_aware_nearest_robot_task,trained_mlp_model,dispatch,0.0,1.2047535392203084,0.051167553692463945,0.0,1.2559210929127722,heuristic_alignment
1.1,canonical_dispatch_benchmark_heavy,canonical_dispatch_heavy,open_high_load,open_high_load,61,fifo,nearest_robot_task,dispatch,1.0,0.0,0.051167553692463945,0.0,1.0511675536924638,heuristic_alignment
1.1,canonical_dispatch_benchmark_heavy,canonical_dispatch_heavy,open_high_load,open_high_load,61,fifo,trained_linear_model,dispatch,1.0,1.9187043408250037,0.051167553692463945,0.0,0.9698718945174677,heuristic_alignment
1.1,canonical_dispatch_benchmark_heavy,canonical_dispatch_heavy,open_high_load,open_high_load,61,fifo,trained_mlp_model,dispatch,1.0,1.2047535392203084,0.051167553692463945,0.0,0.2559210929127723,heuristic_alignment
1.1,canonical_dispatch_benchmark_heavy,canonical_dispatch_heavy,open_high_load,open_high_load,61,nearest_robot_task,trained_linear_model,dispatch,0.0,1.9187043408250037,0.051167553692463945,0.0,1.9698718945174676,heuristic_alignment
1.1,canonical_dispatch_benchmark_heavy,canonical_dispatch_heavy,open_high_load,open_high_load,61,nearest_robot_task,trained_mlp_model,dispatch,0.0,1.2047535392203084,0.051167553692463945,0.0,1.2559210929127722,heuristic_alignment
1.1,canonical_dispatch_benchmark_heavy,canonical_dispatch_heavy,open_high_load,open_high_load,61,trained_linear_model,trained_mlp_model,dispatch,1.9187043408250037,1.2047535392203084,0.051167553692463945,0.0,0.7651183552971593,heuristic_alignment
1.1,canonical_dispatch_benchmark_heavy,canonical_dispatch_heavy,open_high_load,open_high_load,67,congestion_aware_nearest_robot_task,fifo,dispatch,0.0,1.0,0.0,0.0,1.0,heuristic_alignment
1.1,canonical_dispatch_benchmark_heavy,canonical_dispatch_heavy,open_high_load,open_high_load,67,congestion_aware_nearest_robot_task,nearest_robot_task,dispatch,0.0,0.0,0.0,0.0,0.0,objective_surface_flat
1.1,canonical_dispatch_benchmark_heavy,canonical_dispatch_heavy,open_high_load,open_high_load,67,congestion_aware_nearest_robot_task,trained_linear_model,dispatch,0.0,2.750408447530289,0.0,0.0,2.750408447530289,heuristic_alignment
1.1,canonical_dispatch_benchmark_heavy,canonical_dispatch_heavy,open_high_load,open_high_load,67,fifo,nearest_robot_task,dispatch,1.0,0.0,0.0,0.0,1.0,heuristic_alignment
1.1,canonical_dispatch_benchmark_heavy,canonical_dispatch_heavy,open_high_load,open_high_load,67,fifo,trained_linear_model,dispatch,1.0,2.750408447530289,0.0,0.0,1.750408447530289,heuristic_alignment
1.1,canonical_dispatch_benchmark_heavy,canonical_dispatch_heavy,open_high_load,open_high_load,67,nearest_robot_task,trained_linear_model,dispatch,0.0,2.750408447530289,0.0,0.0,2.750408447530289,heuristic_alignment
1.1,canonical_dispatch_benchmark_heavy,canonical_dispatch_heavy,open_high_load,open_high_load,71,congestion_aware_nearest_robot_task,nearest_robot_task,dispatch,0.21052631578947367,0.21052631578947367,0.0,0.0,0.0,heuristic_alignment
1.1,canonical_dispatch_benchmark_heavy,canonical_dispatch_heavy,open_high_load,open_high_load,71,congestion_aware_nearest_robot_task,trained_linear_model,dispatch,0.21052631578947367,1.7383951744687194,0.0,0.0,1.5278688586792457,heuristic_alignment
1.1,canonical_dispatch_benchmark_heavy,canonical_dispatch_heavy,open_high_load,open_high_load,71,nearest_robot_task,trained_linear_model,dispatch,0.21052631578947367,1.7383951744687194,0.0,0.0,1.5278688586792457,heuristic_alignment
1.1,canonical_dispatch_benchmark_heavy,canonical_dispatch_heavy,open_high_load,open_high_load,73,congestion_aware_nearest_robot_task,nearest_robot_task,dispatch,0.2222222222222222,0.2222222222222222,0.0,0.0,0.0,heuristic_alignment
1.1,canonical_dispatch_benchmark_heavy,canonical_dispatch_heavy,open_high_load,open_high_load,73,congestion_aware_nearest_robot_task,trained_linear_model,dispatch,0.2222222222222222,0.8097366279574385,0.0,0.0,0.5875144057352163,heuristic_alignment
1.1,canonical_dispatch_benchmark_heavy,canonical_dispatch_heavy,open_high_load,open_high_load,73,nearest_robot_task,trained_linear_model,dispatch,0.2222222222222222,0.8097366279574385,0.0,0.0,0.5875144057352163,heuristic_alignment
1.1,canonical_dispatch_benchmark_heavy,canonical_dispatch_heavy,open_high_load,open_high_load,79,congestion_aware_nearest_robot_task,nearest_robot_task,dispatch,0.21052631578947367,0.21109585158373453,0.03554586048148849,0.0,0.03611539627574935,heuristic_alignment
1.1,canonical_dispatch_benchmark_heavy,canonical_dispatch_heavy,open_high_load,open_high_load,79,congestion_aware_nearest_robot_task,trained_linear_model,dispatch,0.21052631578947367,1.079544785956634,0.03554586048148849,0.0,0.9045643306486488,heuristic_alignment
1.1,canonical_dispatch_benchmark_heavy,canonical_dispatch_heavy,open_high_load,open_high_load,79,nearest_robot_task,trained_linear_model,dispatch,0.21109585158373453,1.079544785956634,0.03554586048148849,0.0,0.9039947948543879,heuristic_alignment
1.1,canonical_dispatch_benchmark_heavy,canonical_dispatch_heavy,open_high_load,open_high_load,83,congestion_aware_nearest_robot_task,nearest_robot_task,dispatch,0.2222222222222222,0.2222222222222222,0.007819348138779884,0.0,0.007819348138779884,heuristic_alignment
1.1,canonical_dispatch_benchmark_heavy,canonical_dispatch_heavy,open_high_load,open_high_load,83,congestion_aware_nearest_robot_task,trained_linear_model,dispatch,0.2222222222222222,2.0983557841359604,0.007819348138779884,0.0,1.8839529100525179,heuristic_alignment
1.1,canonical_dispatch_benchmark_heavy,canonical_dispatch_heavy,open_high_load,open_high_load,83,nearest_robot_task,trained_linear_model,dispatch,0.2222222222222222,2.0983557841359604,0.007819348138779884,0.0,1.8839529100525179,heuristic_alignment
1.1,canonical_dispatch_benchmark_heavy,canonical_dispatch_heavy,open_high_load,open_high_load,89,congestion_aware_nearest_robot_task,nearest_robot_task,dispatch,0.26666666666666666,0.26666666666666666,0.0,0.0,0.0,heuristic_alignment
1.1,canonical_dispatch_benchmark_heavy,canonical_dispatch_heavy,open_high_load,open_high_load,89,congestion_aware_nearest_robot_task,trained_linear_model,dispatch,0.26666666666666666,1.512643166914888,0.0,0.0,1.2459765002482215,heuristic_alignment
1.1,canonical_dispatch_benchmark_heavy,canonical_dispatch_heavy,open_high_load,open_high_load,89,nearest_robot_task,trained_linear_model,dispatch,0.26666666666666666,1.512643166914888,0.0,0.0,1.2459765002482215,heuristic_alignment
1.1,canonical_dispatch_benchmark_heavy,canonical_dispatch_heavy,open_high_load,open_high_load,97,congestion_aware_nearest_robot_task,nearest_robot_task,dispatch,0.18181818181818182,0.18223165748817835,0.011723929515144392,0.0,0.012137405185140919,heuristic_alignment
1.1,canonical_dispatch_benchmark_heavy,canonical_dispatch_heavy,open_high_load,open_high_load,101,congestion_aware_nearest_robot_task,nearest_robot_task,dispatch,0.3333333333333333,0.3333333333333333,0.0,0.0,0.0,heuristic_alignment
1.1,canonical_dispatch_benchmark_heavy,canonical_dispatch_heavy,open_high_load,open_high_load,101,congestion_aware_nearest_robot_task,trained_linear_model,dispatch,0.3333333333333333,1.3402045112280492,0.0,0.0,1.006871177894716,heuristic_alignment
1.1,canonical_dispatch_benchmark_heavy,canonical_dispatch_heavy,open_high_load,open_high_load,101,nearest_robot_task,trained_linear_model,dispatch,0.3333333333333333,1.3402045112280492,0.0,0.0,1.006871177894716,heuristic_alignment
1.1,canonical_dispatch_benchmark_heavy,canonical_dispatch_heavy,open_high_load,open_high_load,103,congestion_aware_nearest_robot_task,nearest_robot_task,dispatch,0.17391304347826086,0.17391304347826086,0.0,0.0,0.0,heuristic_alignment
1.1,canonical_dispatch_benchmark_heavy,canonical_dispatch_heavy,open_high_load,open_high_load,103,congestion_aware_nearest_robot_task,trained_linear_model,dispatch,0.17391304347826086,0.963451082038383,0.0,0.0,0.7895380385601222,heuristic_alignment
1.1,canonical_dispatch_benchmark_heavy,canonical_dispatch_heavy,open_high_load,open_high_load,103,nearest_robot_task,trained_linear_model,dispatch,0.17391304347826086,0.963451082038383,0.0,0.0,0.7895380385601222,heuristic_alignment
1.1,canonical_dispatch_benchmark_heavy,canonical_dispatch_heavy,open_high_load,open_high_load,107,congestion_aware_nearest_robot_task,nearest_robot_task,dispatch,0.19047619047619047,0.19047619047619047,0.01573750523137615,0.0,0.01573750523137615,heuristic_alignment
